JVM memory peak [mb],address,solution,time[m],commits,total time[m]
202.775146484375,eclipse/eclipse-collections,DJ-Rex Optimized,0.0004425337672774028,1037,0.4589075166666667
1958.9804611206055,eclipse/eclipse-collections,DJ-Rex,0.03023926184143629,1037,31.35811452956943
1214.0104446411133,eclipse/eclipse-collections,Lisa,0.0019575398842655097,1037,2.0299688599833337
299.55872344970703,eclipse/eclipse-collections,Topleet,0.0005006263789778207,1037,0.519149555
340.2731399536133,eclipse/eclipse-collections,Topleet Index Based (Memorization Off),0.0013642264061010487,1037,1.4147027831267875
320.3802947998047,eclipse/eclipse-collections,Topleet (Memorization Off),0.0007844890276438443,1037,0.8135151216666666
116.67623901367188,eclipse/eclipse-collections,Topleet Scala Collections (Memorization Off),0.002192900727677153,1037,2.274038054601208
,eclipse/eclipse-collections,Topleet 4x m5.xlarge,0.0007441760261428572,1037,0.771710539110143
,eclipse/eclipse-collections,Topleet 7x m5.xlarge,0.000640023074968254,1037,0.6637039287420794
401.51819610595703,linkedin/pinot,DJ-Rex Optimized,0.00019466842322335025,6303,1.2269950715767766
3363.0010833740234,linkedin/pinot,DJ-Rex,0.020537267526131494,6303,129.4463972172068
4171.170639038086,linkedin/pinot,Lisa,0.0009517348071843633,6303,5.998784489683041
758.620246887207,linkedin/pinot,Topleet,0.00026343388316967583,6303,1.6604237656184668
711.8030242919922,linkedin/pinot,Topleet Index Based (Memorization Off),0.000554464316552369,6303,3.494788587229582
585.2297973632812,linkedin/pinot,Topleet (Memorization Off),0.0002899485826854937,6303,1.8275459166666668
223.5164337158203,linkedin/pinot,Topleet Scala Collections (Memorization Off),0.0008433946380550344,6303,5.315916403660882
,linkedin/pinot,Topleet 4x m5.xlarge,0.000317941864870914,6303,2.003987574281371
,linkedin/pinot,Topleet 7x m5.xlarge,0.00023006908887761475,6303,1.4501254671956059
186.2779083251953,linkedin/rest.li,DJ-Rex Optimized,0.00021797052141527,2148,0.46820068
1875.8093185424805,linkedin/rest.li,DJ-Rex,0.018064998441961515,2148,38.803616653333336
1304.0908508300781,linkedin/rest.li,Lisa,0.0009650209357541899,2148,2.07286497
415.36714935302734,linkedin/rest.li,Topleet,0.0003294158791123526,2148,0.7075853083333333
358.3565216064453,linkedin/rest.li,Topleet Index Based (Memorization Off),0.0005886105338299193,2148,1.2643354266666667
318.4950637817383,linkedin/rest.li,Topleet (Memorization Off),0.0003248669459962756,2148,0.6978142
141.80110931396484,linkedin/rest.li,Topleet Scala Collections (Memorization Off),0.0008288685955927994,2148,1.7804097433333332
,linkedin/rest.li,Topleet 4x m5.xlarge,0.0002748783158519553,2148,0.59043862245
,linkedin/rest.li,Topleet 7x m5.xlarge,0.0002187749958410925,2148,0.4699286910666667
58.315956115722656,eishay/jvm-serializers,DJ-Rex Optimized,0.00032813381619937695,535,0.17555159166666667
144.71941375732422,eishay/jvm-serializers,DJ-Rex,0.0017106888878504673,535,0.915218555
638.1052093505859,eishay/jvm-serializers,Lisa,0.0008668595389719625,535,0.46376985335
63.729949951171875,eishay/jvm-serializers,Topleet,0.0005862582523364486,535,0.313648165
93.21583557128906,eishay/jvm-serializers,Topleet Index Based (Memorization Off),0.000568459707165109,535,0.3041259433333333
68.35889434814453,eishay/jvm-serializers,Topleet (Memorization Off),0.0004376090249221184,535,0.23412082833333334
22.824424743652344,eishay/jvm-serializers,Topleet Scala Collections (Memorization Off),0.0004579065358255452,535,0.24497999666666667
,eishay/jvm-serializers,Topleet 4x m5.xlarge,0.0004204230166666667,535,0.22492631391666668
,eishay/jvm-serializers,Topleet 7x m5.xlarge,0.00042383479720149253,535,0.22675161650279851
43.489288330078125,nhaarman/ListViewAnimations,DJ-Rex Optimized,0.00024082837712096334,609,0.14666448166666668
85.13831329345703,nhaarman/ListViewAnimations,DJ-Rex,0.0005503731143951834,609,0.33517722666666666
145.72433471679688,nhaarman/ListViewAnimations,Lisa,0.000548237052545156,609,0.333876365
62.97242736816406,nhaarman/ListViewAnimations,Topleet,0.0004681652928297756,609,0.28511266333333335
31.35968780517578,nhaarman/ListViewAnimations,Topleet Index Based (Memorization Off),0.00045647772030651344,609,0.27799493166666667
36.28489685058594,nhaarman/ListViewAnimations,Topleet (Memorization Off),0.00034856011494252873,609,0.21227311
8.818069458007812,nhaarman/ListViewAnimations,Topleet Scala Collections (Memorization Off),0.00031101670771756983,609,0.189409175
,nhaarman/ListViewAnimations,Topleet 4x m5.xlarge,0.00017845768048713737,609,0.10868072741666666
,nhaarman/ListViewAnimations,Topleet 7x m5.xlarge,0.00032294541776135745,609,0.19667375941666668
151.95357513427734,tinkerpop/blueprints,DJ-Rex Optimized,0.00019179432899207248,1766,0.338708785
345.1259460449219,tinkerpop/blueprints,DJ-Rex,0.0026367228841072104,1766,4.656452613333333
591.6144638061523,tinkerpop/blueprints,Lisa,0.000608439949981125,1766,1.0745049516666667
153.83882904052734,tinkerpop/blueprints,Topleet,0.00028956956870517176,1766,0.5113798583333333
172.08673095703125,tinkerpop/blueprints,Topleet Index Based (Memorization Off),0.0006349781002265005,1766,1.121371325
146.0802459716797,tinkerpop/blueprints,Topleet (Memorization Off),0.0003091775915439789,1766,0.5460076266666667
50.948097229003906,tinkerpop/blueprints,Topleet Scala Collections (Memorization Off),0.0007017712098905247,1766,1.2393279566666666
,tinkerpop/blueprints,Topleet 4x m5.xlarge,0.0001311380773216308,1766,0.23158984455
,tinkerpop/blueprints,Topleet 7x m5.xlarge,0.00010574909058135145,1766,0.18675289396666667
16.005386352539062,tbruyelle/RxPermissions,DJ-Rex Optimized,0.0005057938963963964,222,0.11228624499999999
12.649818420410156,tbruyelle/RxPermissions,DJ-Rex,0.0008368072522522522,222,0.18577121
33.914527893066406,tbruyelle/RxPermissions,Lisa,0.0008888386111861863,222,0.19732217168333335
23.47344970703125,tbruyelle/RxPermissions,Topleet,0.000995111674174174,222,0.22091479166666664
26.669212341308594,tbruyelle/RxPermissions,Topleet Index Based (Memorization Off),0.001067929954954955,222,0.23708045
22.106735229492188,tbruyelle/RxPermissions,Topleet (Memorization Off),0.0007681315690690691,222,0.17052520833333334
8.813919067382812,tbruyelle/RxPermissions,Topleet Scala Collections (Memorization Off),0.0004325754354354354,222,0.09603174666666667
,tbruyelle/RxPermissions,Topleet 4x m5.xlarge,0.0003299768278528529,222,0.07325485578333334
,tbruyelle/RxPermissions,Topleet 7x m5.xlarge,0.00028856684496997,222,0.06406183958333334
285.5998992919922,Netflix/Hystrix,DJ-Rex Optimized,0.00023782740477319426,2109,0.5015779966666667
795.3954544067383,Netflix/Hystrix,DJ-Rex,0.0033226178773510355,2109,7.007401103333334
1059.6060333251953,Netflix/Hystrix,Lisa,0.0010449017306780465,2109,2.20369775
338.42725372314453,Netflix/Hystrix,Topleet,0.0002852276726726727,2109,0.6015451616666667
685.6612091064453,Netflix/Hystrix,Topleet Index Based (Memorization Off),0.0009594202275960171,2109,2.02341726
662.9815139770508,Netflix/Hystrix,Topleet (Memorization Off),0.00044977209024814286,2109,0.9485693383333333
121.72793579101562,Netflix/Hystrix,Topleet Scala Collections (Memorization Off),0.0012560528899952584,2109,2.649015545
,Netflix/Hystrix,Topleet 4x m5.xlarge,0.00017697761153238545,2109,0.3732457827218009
,Netflix/Hystrix,Topleet 7x m5.xlarge,0.0001286886173064771,2109,0.2714042938993602
22.756912231445312,kdn251/Interviews,DJ-Rex Optimized,0.00032651139143730887,436,0.14235896666666667
132.96315002441406,kdn251/Interviews,DJ-Rex,0.0020811920617005266,436,0.9073997389014296
133.6096954345703,kdn251/Interviews,Lisa,0.0006229143615825688,436,0.27159066165
64.95465850830078,kdn251/Interviews,Topleet,0.0007402623891437309,436,0.3227544016666667
30.238914489746094,kdn251/Interviews,Topleet Index Based (Memorization Off),0.0007269197667419112,436,0.3169370182994733
25.293922424316406,kdn251/Interviews,Topleet (Memorization Off),0.000499226613149847,436,0.21766280333333332
14.539955139160156,kdn251/Interviews,Topleet Scala Collections (Memorization Off),0.0004093378969149737,436,0.17847132305492852
,kdn251/Interviews,Topleet 4x m5.xlarge,0.00025550690481565086,436,0.11140101049962378
,kdn251/Interviews,Topleet 7x m5.xlarge,0.0005092812298720842,436,0.22204661622422872
58.21809387207031,citerus/dddsample-core,DJ-Rex Optimized,0.00025573273737373737,660,0.16878360666666667
137.19740295410156,citerus/dddsample-core,DJ-Rex,0.0007795238005050504,660,0.5144857083333333
118.2562484741211,citerus/dddsample-core,Lisa,0.0005587731212121212,660,0.36879026
66.55554962158203,citerus/dddsample-core,Topleet,0.00046595343686868686,660,0.3075292683333333
63.046897888183594,citerus/dddsample-core,Topleet Index Based (Memorization Off),0.0005089811464646464,660,0.3359275566666666
46.025779724121094,citerus/dddsample-core,Topleet (Memorization Off),0.00035800770202020204,660,0.23628508333333334
8.832099914550781,citerus/dddsample-core,Topleet Scala Collections (Memorization Off),0.00029576201262626264,660,0.19520292833333336
,citerus/dddsample-core,Topleet 4x m5.xlarge,0.0001976655865355522,660,0.13045928711346444
,citerus/dddsample-core,Topleet 7x m5.xlarge,0.0001242854240040343,660,0.08202837984266263
804.5196990966797,libgdx/libgdx,DJ-Rex Optimized,0.0004726834360549133,13840,6.541938755
4574.902488708496,libgdx/libgdx,DJ-Rex,0.031221948756159707,13840,432.11177078525037
6387.999092102051,libgdx/libgdx,Lisa,0.0008679121891104369,13840,12.011904697288447
823.2963562011719,libgdx/libgdx,Topleet,0.00023165452403313587,13840,3.2060986126186006
1316.4300918579102,libgdx/libgdx,Topleet Index Based (Memorization Off),0.0013438373165429607,13840,18.598708460954576
1141.2497863769531,libgdx/libgdx,Topleet (Memorization Off),0.0005338778460982659,13840,7.38886939
548.6779708862305,libgdx/libgdx,Topleet Scala Collections (Memorization Off),0.001738111159832817,13840,24.05545845208619
,libgdx/libgdx,Topleet 4x m5.xlarge,0.00048478078064303045,13840,6.709366004099541
,libgdx/libgdx,Topleet 7x m5.xlarge,0.0002980985793699407,13840,4.125684338479979
814.5380325317383,openhab/openhab,DJ-Rex Optimized,0.0004523054817505622,9633,4.357058705703166
4158.834091186523,openhab/openhab,DJ-Rex,0.016919214987377668,9633,162.98279797340908
3291.739944458008,openhab/openhab,Lisa,0.0007968719072575065,9633,7.67626708261156
945.9326858520508,openhab/openhab,Topleet,0.00022154863273142383,9633,2.1341779791018056
1155.137092590332,openhab/openhab,Topleet Index Based (Memorization Off),0.0015104486892667081,9633,14.550152223706199
1022.500732421875,openhab/openhab,Topleet (Memorization Off),0.0006223165408837676,9633,5.994775238333333
530.9675903320312,openhab/openhab,Topleet Scala Collections (Memorization Off),0.001977572029165803,9633,19.04995135695418
,openhab/openhab,Topleet 4x m5.xlarge,0.0005679106389418758,9633,5.47068318492709
,openhab/openhab,Topleet 7x m5.xlarge,0.0003151868599851406,9633,3.0361950222368597
51.87225341796875,google/physical-web,DJ-Rex Optimized,0.0001312921930492136,1314,0.17251794166666667
111.48600006103516,google/physical-web,DJ-Rex,0.000424033635210553,1314,0.5571801966666666
152.2331771850586,google/physical-web,Lisa,0.0003026450342465754,1314,0.39767557500000006
61.08655548095703,google/physical-web,Topleet,0.00024998600202942665,1314,0.3284816066666666
66.39824676513672,google/physical-web,Topleet Index Based (Memorization Off),0.0003187530606291223,1314,0.4188415216666667
116.87670135498047,google/physical-web,Topleet (Memorization Off),0.00019250043759512937,1314,0.252945575
21.594635009765625,google/physical-web,Topleet Scala Collections (Memorization Off),0.00020434329020801623,1314,0.26850708333333334
,google/physical-web,Topleet 4x m5.xlarge,0.00010030784299112801,1314,0.1318045056903422
,google/physical-web,Topleet 7x m5.xlarge,0.00011524210560202789,1314,0.15142812676106465
734.0156631469727,gwtproject/gwt,DJ-Rex Optimized,0.00021889716010301533,9319,2.039902635
8096.50594329834,gwtproject/gwt,DJ-Rex,0.03445158665826541,9319,321.05433606837533
7001.611358642578,gwtproject/gwt,Lisa,0.0012632362394033696,9319,11.772098515000001
1070.4265213012695,gwtproject/gwt,Topleet,0.0002578060116237482,9319,2.4024942223217094
1079.1057357788086,gwtproject/gwt,Topleet Index Based (Memorization Off),0.0006000748083244016,9319,5.592097138775098
873.3298263549805,gwtproject/gwt,Topleet (Memorization Off),0.00026123974335586793,9319,2.4344931683333333
213.32684326171875,gwtproject/gwt,Topleet Scala Collections (Memorization Off),0.0007201027633036703,9319,6.710637651226904
,gwtproject/gwt,Topleet 4x m5.xlarge,0.000643200401545526,9319,5.993984542002757
,gwtproject/gwt,Topleet 7x m5.xlarge,0.0002869590638471984,9319,2.674171515992042
203.30245208740234,google/iosched,DJ-Rex Optimized,0.0001322997862112587,2635,0.3486099366666667
694.6939849853516,google/iosched,DJ-Rex,0.0025299298747628084,2635,6.66636522
755.1311874389648,google/iosched,Lisa,0.0003952407577482606,2635,1.0414593966666668
232.9442596435547,google/iosched,Topleet,0.00019002566919671095,2635,0.5007176383333334
322.80210876464844,google/iosched,Topleet Index Based (Memorization Off),0.0005139034603716344,2635,1.3541356180792565
222.32054901123047,google/iosched,Topleet (Memorization Off),0.0002567265072738773,2635,0.6764743466666666
94.32178497314453,google/iosched,Topleet Scala Collections (Memorization Off),0.0005681718537479458,2635,1.4971328346258372
,google/iosched,Topleet 4x m5.xlarge,0.00012993372475360123,2635,0.3423753647257392
,google/iosched,Topleet 7x m5.xlarge,0.00012771114963356077,2635,0.33651887928443264
90.41437530517578,nickbutcher/plaid,DJ-Rex Optimized,0.00016458936126932466,1229,0.202280325
240.5235137939453,nickbutcher/plaid,DJ-Rex,0.0014783301220504476,1229,1.81686772
329.12127685546875,nickbutcher/plaid,Lisa,0.000381305908597776,1229,0.4686249616666667
93.2515640258789,nickbutcher/plaid,Topleet,0.0002968380648223488,1229,0.3648139816666666
121.5536880493164,nickbutcher/plaid,Topleet Index Based (Memorization Off),0.0003935879539295393,1229,0.4837195953794038
115.73128509521484,nickbutcher/plaid,Topleet (Memorization Off),0.0002344893897477624,1229,0.28818746
27.753158569335938,nickbutcher/plaid,Topleet Scala Collections (Memorization Off),0.0003205305785907859,1229,0.3939320810880758
,nickbutcher/plaid,Topleet 4x m5.xlarge,0.00013768204185636858,1229,0.16921122944147698
,nickbutcher/plaid,Topleet 7x m5.xlarge,0.0001787447138211382,1229,0.21967725328617885
128.61441040039062,Netflix/astyanax,DJ-Rex Optimized,0.0004143804372937294,1010,0.4185242416666667
347.2798156738281,Netflix/astyanax,DJ-Rex,0.003453367927392739,1010,3.4879016066666666
478.0342254638672,Netflix/astyanax,Lisa,0.0010162481369636964,1010,1.0264106183333335
327.4411849975586,Netflix/astyanax,Topleet,0.0004268010214521452,1010,0.43106903166666666
297.9029769897461,Netflix/astyanax,Topleet Index Based (Memorization Off),0.0010223971237623764,1010,1.032621095
229.5328369140625,Netflix/astyanax,Topleet (Memorization Off),0.000529899407590759,1010,0.5351984016666667
72.08502960205078,Netflix/astyanax,Topleet Scala Collections (Memorization Off),0.0011520624636963696,1010,1.1635830883333333
,Netflix/astyanax,Topleet 4x m5.xlarge,0.00021486844249174916,1010,0.21701712691666666
,Netflix/astyanax,Topleet 7x m5.xlarge,0.0002212264046039604,1010,0.22343866865
64.85633850097656,qos-ch/slf4j,DJ-Rex Optimized,0.00010051635486491977,1641,0.16494733833333333
216.48544311523438,qos-ch/slf4j,DJ-Rex,0.0006795341585858586,1641,1.115115554239394
139.8776626586914,qos-ch/slf4j,Lisa,0.00024274419096800324,1641,0.3983432173784933
84.04194641113281,qos-ch/slf4j,Topleet,0.00020832673349534223,1641,0.3418641696658566
130.2748565673828,qos-ch/slf4j,Topleet Index Based (Memorization Off),0.00021190747994384278,1641,0.347740174587846
134.26885223388672,qos-ch/slf4j,Topleet (Memorization Off),0.00014830787426366038,1641,0.2433732216666667
14.776092529296875,qos-ch/slf4j,Topleet Scala Collections (Memorization Off),0.00011616810615199036,1641,0.19063186219541617
,qos-ch/slf4j,Topleet 4x m5.xlarge,8.135344666264575e-05,1641,0.13350100597340167
,qos-ch/slf4j,Topleet 7x m5.xlarge,0.00015685803985158444,1641,0.25740404339645007
207.98987579345703,androidannotations/androidannotations,DJ-Rex Optimized,0.00017196720025217788,2908,0.5000806183333333
840.9071350097656,androidannotations/androidannotations,DJ-Rex,0.0018881070764557543,2908,5.490615378333334
842.0580520629883,androidannotations/androidannotations,Lisa,0.0005965751369784503,2908,1.7348404983333334
269.9503479003906,androidannotations/androidannotations,Topleet,0.00020100367434663,2908,0.584518685
398.03368377685547,androidannotations/androidannotations,Topleet Index Based (Memorization Off),0.0006020473160247593,2908,1.750753595
362.9334945678711,androidannotations/androidannotations,Topleet (Memorization Off),0.000297920500343879,2908,0.866352815
129.7123260498047,androidannotations/androidannotations,Topleet Scala Collections (Memorization Off),0.000741758366001834,2908,2.157033328333333
,androidannotations/androidannotations,Topleet 4x m5.xlarge,0.00013992578165463503,2908,0.4069041730516787
,androidannotations/androidannotations,Topleet 7x m5.xlarge,0.00010568984343416982,2908,0.30734606470656584
1481.3257064819336,SonarSource/sonarqube,DJ-Rex Optimized,0.0003242120665720418,28885,9.364865542933428
,SonarSource/sonarqube,DJ-Rex,,28885,
9039.327423095703,SonarSource/sonarqube,Lisa,0.0005754410747275557,28885,16.621615443505448
1975.7999572753906,SonarSource/sonarqube,Topleet,0.00023471116302267118,28885,6.779631943909857
2534.0573196411133,SonarSource/sonarqube,Topleet Index Based (Memorization Off),0.0007953693969520795,28885,22.974245030960816
2290.803062438965,SonarSource/sonarqube,Topleet (Memorization Off),0.0003250705294558883,28885,9.389662243333333
1057.590087890625,SonarSource/sonarqube,Topleet Scala Collections (Memorization Off),0.0008954563306817269,28885,25.86525611174168
,SonarSource/sonarqube,Topleet 4x m5.xlarge,0.0009294891479469347,28885,26.848294038447207
,SonarSource/sonarqube,Topleet 7x m5.xlarge,0.0005780841257200725,28885,16.697959971424293
15.934234619140625,square/otto,DJ-Rex Optimized,0.0005730614796747968,205,0.11747760333333333
35.571563720703125,square/otto,DJ-Rex,0.0009993914390243903,205,0.204875245
40.961387634277344,square/otto,Lisa,0.0008521254308943089,205,0.17468571333333333
22.780418395996094,square/otto,Topleet,0.001101192699186992,205,0.22574450333333335
23.536476135253906,square/otto,Topleet Index Based (Memorization Off),0.0010596463089430895,205,0.21722749333333333
22.532485961914062,square/otto,Topleet (Memorization Off),0.0007206075528455285,205,0.14772454833333334
8.814529418945312,square/otto,Topleet Scala Collections (Memorization Off),0.0003600908211382114,205,0.07381861833333334
,square/otto,Topleet 4x m5.xlarge,0.0003071210604368932,205,0.0629598173895631
,square/otto,Topleet 7x m5.xlarge,0.0002994563006472492,205,0.06138854163268609
622.1436386108398,MinecraftForge/MinecraftForge,DJ-Rex Optimized,0.0005229011881094386,7041,3.681747265478557
1136.5387649536133,MinecraftForge/MinecraftForge,DJ-Rex,0.0038740886548759863,7041,27.27745821898182
1323.9945449829102,MinecraftForge/MinecraftForge,Lisa,0.00033743221891393736,7041,2.375860253373033
464.6129608154297,MinecraftForge/MinecraftForge,Topleet,0.0001853380792481345,7041,1.304965415986115
646.9920806884766,MinecraftForge/MinecraftForge,Topleet Index Based (Memorization Off),0.0004575934468951953,7041,3.22191545958907
785.6856155395508,MinecraftForge/MinecraftForge,Topleet (Memorization Off),0.00020832204753112722,7041,1.4667955366666667
219.5896987915039,MinecraftForge/MinecraftForge,Topleet Scala Collections (Memorization Off),0.0005373199744275525,7041,3.783269939944397
,MinecraftForge/MinecraftForge,Topleet 4x m5.xlarge,0.00015726424189746474,7041,1.1072975272000491
,MinecraftForge/MinecraftForge,Topleet 7x m5.xlarge,0.0001002750187459024,7041,0.7060364069898988
92.57173156738281,spring-projects/spring-session,DJ-Rex Optimized,0.0002187195883361921,1164,0.2545896008233276
335.0663604736328,spring-projects/spring-session,DJ-Rex,0.0013120371541666667,1164,1.52721124745
288.30760955810547,spring-projects/spring-session,Lisa,0.0005032200156829199,1164,0.5857480982549187
109.3756332397461,spring-projects/spring-session,Topleet,0.00030889599460073885,1164,0.35955493771526004
106.77259826660156,spring-projects/spring-session,Topleet Index Based (Memorization Off),0.00035430663073521284,1164,0.41241291817578773
143.2800521850586,spring-projects/spring-session,Topleet (Memorization Off),0.00022988115979381441,1164,0.26758167
28.37298583984375,spring-projects/spring-session,Topleet Scala Collections (Memorization Off),0.0002672199861572536,1164,0.3110440638870432
,spring-projects/spring-session,Topleet 4x m5.xlarge,0.0001273466491846324,1164,0.14823149965091212
,spring-projects/spring-session,Topleet 7x m5.xlarge,0.0001751910974018795,1164,0.20392243737578775
437.47508239746094,ehcache/ehcache3,DJ-Rex Optimized,0.0006375384473562152,4312,2.749065785
1940.3125610351562,ehcache/ehcache3,DJ-Rex,0.009347023916416994,4312,40.304367127590076
2053.872268676758,ehcache/ehcache3,Lisa,0.0010995477945269017,4312,4.74125009
466.0738754272461,ehcache/ehcache3,Topleet,0.0002562747939857761,4312,1.1050569116666666
796.3653945922852,ehcache/ehcache3,Topleet Index Based (Memorization Off),0.0014439600261076557,4312,6.226355632576212
658.733154296875,ehcache/ehcache3,Topleet (Memorization Off),0.0006082466751700681,4312,2.6227596633333334
234.93759155273438,ehcache/ehcache3,Topleet Scala Collections (Memorization Off),0.0020066821483444726,4312,8.652813423661366
,ehcache/ehcache3,Topleet 4x m5.xlarge,0.00023402284850998465,4312,1.0091065227750537
,ehcache/ehcache3,Topleet 7x m5.xlarge,0.0001248604774423963,4312,0.5383983787316128
672.697509765625,facebook/react-native,DJ-Rex Optimized,4.061563222234608e-05,17925,0.7280352075855535
2516.132858276367,facebook/react-native,DJ-Rex,0.0036857060130359954,17925,66.06628028367022
1191.0886459350586,facebook/react-native,Lisa,0.0001001249337189684,17925,1.7947394369125085
1070.4697723388672,facebook/react-native,Topleet,0.00014085681356214595,17925,2.524858383101466
1523.978858947754,facebook/react-native,Topleet Index Based (Memorization Off),0.00015276530415013676,17925,2.7383180768912014
1350.7605895996094,facebook/react-native,Topleet (Memorization Off),6.932648516968852e-05,17925,1.2426772466666667
217.0482940673828,facebook/react-native,Topleet Scala Collections (Memorization Off),8.102426341356912e-05,17925,1.4523599216882264
,facebook/react-native,Topleet 4x m5.xlarge,0.0003160811251372228,17925,5.665754168084719
,facebook/react-native,Topleet 7x m5.xlarge,0.00021711135290613192,17925,3.8917210008424146
81.42219543457031,square/dagger,DJ-Rex Optimized,0.0002800598906324299,701,0.19632198333333334
109.60018157958984,square/dagger,DJ-Rex,0.0007325893509272468,701,0.513545135
152.26470184326172,square/dagger,Lisa,0.0005163582120779839,701,0.36196710666666676
78.0688247680664,square/dagger,Topleet,0.00043374258440323347,701,0.30405355166666664
80.12211608886719,square/dagger,Topleet Index Based (Memorization Off),0.0005384258654303377,701,0.3774365316666667
67.25617980957031,square/dagger,Topleet (Memorization Off),0.00032583702330004754,701,0.22841175333333333
23.349578857421875,square/dagger,Topleet Scala Collections (Memorization Off),0.0003892188682834047,701,0.2728424266666667
,square/dagger,Topleet 4x m5.xlarge,0.0002676612145744175,701,0.18763051141666667
,square/dagger,Topleet 7x m5.xlarge,0.00021222526609605325,701,0.14876991153333333
15.997665405273438,zhihu/Matisse,DJ-Rex Optimized,0.000662842006472492,206,0.13654545333333334
53.180938720703125,zhihu/Matisse,DJ-Rex,0.0014939333959311423,206,0.30775027956181533
39.736000061035156,zhihu/Matisse,Lisa,0.0009235347896440129,206,0.19024816666666666
29.823410034179688,zhihu/Matisse,Topleet,0.00118053279342723,206,0.24318975544600938
23.129058837890625,zhihu/Matisse,Topleet Index Based (Memorization Off),0.001137169479638009,206,0.23425691280542985
24.516700744628906,zhihu/Matisse,Topleet (Memorization Off),0.0008277457686084143,206,0.17051562833333334
8.779922485351562,zhihu/Matisse,Topleet Scala Collections (Memorization Off),0.0004722978992248062,206,0.09729336724031008
,zhihu/Matisse,Topleet 4x m5.xlarge,0.000308795623255814,206,0.06361189839069768
,zhihu/Matisse,Topleet 7x m5.xlarge,0.0002911038105580694,206,0.0599673849749623
150.06061553955078,functionaljava/functionaljava,DJ-Rex Optimized,0.0006805671302534488,1039,0.7071092483333333
352.2695770263672,functionaljava/functionaljava,DJ-Rex,0.010952024725697788,1039,11.37915369
413.5778045654297,functionaljava/functionaljava,Lisa,0.001030561119666346,1039,1.0707530033333335
214.6062774658203,functionaljava/functionaljava,Topleet,0.0005076282723772859,1039,0.527425775
223.41278076171875,functionaljava/functionaljava,Topleet Index Based (Memorization Off),0.0016947771101504963,1039,1.7608734174463656
216.47286987304688,functionaljava/functionaljava,Topleet (Memorization Off),0.0008046264773820982,1039,0.83600691
109.10846710205078,functionaljava/functionaljava,Topleet Scala Collections (Memorization Off),0.0020715520003208214,1039,2.1523425283333335
,functionaljava/functionaljava,Topleet 4x m5.xlarge,0.00024680294109720886,1039,0.2564282558
,functionaljava/functionaljava,Topleet 7x m5.xlarge,0.000206690533493744,1039,0.2147514643
42.48553466796875,abel533/Mapper,DJ-Rex Optimized,0.00030361984479465137,698,0.21192665166666666
188.67989349365234,abel533/Mapper,DJ-Rex,0.0013574096991404011,698,0.9474719699999999
157.19977569580078,abel533/Mapper,Lisa,0.0005842249021012416,698,0.40778898166666666
67.83547973632812,abel533/Mapper,Topleet,0.0004485097015281757,698,0.31305977166666665
64.28633880615234,abel533/Mapper,Topleet Index Based (Memorization Off),0.0005248379542203147,698,0.3663368920457797
49.41545867919922,abel533/Mapper,Topleet (Memorization Off),0.00037056016953199616,698,0.2586509983333333
17.874351501464844,abel533/Mapper,Topleet Scala Collections (Memorization Off),0.0003254208428844317,698,0.22714374833333334
,abel533/Mapper,Topleet 4x m5.xlarge,0.00013405269644221586,698,0.09356878211666668
,abel533/Mapper,Topleet 7x m5.xlarge,0.00012539545248328558,698,0.08752602583333334
1224.3440628051758,apache/flink,DJ-Rex Optimized,0.0004409437964438096,18176,8.014594444162684
9998.723670959473,apache/flink,DJ-Rex,0.04155540774155701,18176,755.3110911105402
9999.998497009277,apache/flink,Lisa,0.0013873803208536608,18176,25.21702471183614
1874.461814880371,apache/flink,Topleet,0.0002932471255932822,18176,5.330059754783497
2002.6658554077148,apache/flink,Topleet Index Based (Memorization Off),0.0007501156542991439,18176,13.63410213254124
1579.3481140136719,apache/flink,Topleet (Memorization Off),0.00034243672782790493,18176,6.224129965
600.7310562133789,apache/flink,Topleet Scala Collections (Memorization Off),0.0009586873712729821,18176,17.425101660257724
,apache/flink,Topleet 4x m5.xlarge,0.0007197661615782863,18176,13.082469752846931
,apache/flink,Topleet 7x m5.xlarge,0.0003107701899218764,18176,5.648558972020025
109.33317565917969,SecUpwN/Android-IMSI-Catcher-Detector,DJ-Rex Optimized,0.00015603161250805932,2585,0.4033417183333334
339.0131072998047,SecUpwN/Android-IMSI-Catcher-Detector,DJ-Rex,0.0012447432037395228,2585,3.2176611816666667
390.4979476928711,SecUpwN/Android-IMSI-Catcher-Detector,Lisa,0.0003193971141199226,2585,0.82564154
217.6898651123047,SecUpwN/Android-IMSI-Catcher-Detector,Topleet,0.00017303663120567375,2585,0.44729969166666667
213.63055419921875,SecUpwN/Android-IMSI-Catcher-Detector,Topleet Index Based (Memorization Off),0.0003882099884035562,2585,1.0035228200231927
205.85491180419922,SecUpwN/Android-IMSI-Catcher-Detector,Topleet (Memorization Off),0.0002064101263700838,2585,0.5335701766666666
41.37287902832031,SecUpwN/Android-IMSI-Catcher-Detector,Topleet Scala Collections (Memorization Off),0.0004364927111540942,2585,1.1283336583333334
,SecUpwN/Android-IMSI-Catcher-Detector,Topleet 4x m5.xlarge,0.0001216589114764668,2585,0.3144882861666667
,SecUpwN/Android-IMSI-Catcher-Detector,Topleet 7x m5.xlarge,0.00012297747552546744,2585,0.31789677423333335
142.45021057128906,tomakehurst/wiremock,DJ-Rex Optimized,0.00022801217180365297,1752,0.399477325
345.5151672363281,tomakehurst/wiremock,DJ-Rex,0.0025406694839924674,1752,4.451252935954803
270.72525787353516,tomakehurst/wiremock,Lisa,0.000445191094017094,1752,0.7799747967179488
229.6544418334961,tomakehurst/wiremock,Topleet,0.0002531578713716562,1752,0.44353259064314166
181.6316146850586,tomakehurst/wiremock,Topleet Index Based (Memorization Off),0.00048745266101694917,1752,0.8540170621016949
145.10630798339844,tomakehurst/wiremock,Topleet (Memorization Off),0.0002453510559360731,1752,0.42985505000000007
44.992881774902344,tomakehurst/wiremock,Topleet Scala Collections (Memorization Off),0.0004900925790960451,1752,0.858642198576271
,tomakehurst/wiremock,Topleet 4x m5.xlarge,0.000134645705,1752,0.23589927516
,tomakehurst/wiremock,Topleet 7x m5.xlarge,0.00015624691011299435,1752,0.27374458651796607
1008.7971496582031,rstudio/rstudio,DJ-Rex Optimized,0.00042013769611011823,26286,11.043739479950569
5577.174530029297,rstudio/rstudio,DJ-Rex,0.010892629653250618,26286,286.3236630653457
6794.797225952148,rstudio/rstudio,Lisa,0.000737089880007092,26286,19.37514458586642
1727.8671417236328,rstudio/rstudio,Topleet,0.0002163201344473984,26286,5.686191054084315
2101.4064559936523,rstudio/rstudio,Topleet Index Based (Memorization Off),0.0006391299869273687,26286,16.800170836372814
2129.62833404541,rstudio/rstudio,Topleet (Memorization Off),0.00027188482893301887,26286,7.146764613333334
558.167106628418,rstudio/rstudio,Topleet Scala Collections (Memorization Off),0.0007348990712569049,26286,19.317556987059003
,rstudio/rstudio,Topleet 4x m5.xlarge,0.00047465876862197394,26286,12.476880391997208
,rstudio/rstudio,Topleet 7x m5.xlarge,0.00025131474154010426,26286,6.60605929612318
357.3324737548828,unclebob/fitnesse,DJ-Rex Optimized,0.00022196218297575442,5733,1.272509195
1470.6606750488281,unclebob/fitnesse,DJ-Rex,0.0053793629963951395,5733,30.839888058333337
1107.2399291992188,unclebob/fitnesse,Lisa,0.00047016213355427635,5733,2.6954395116666663
331.5478744506836,unclebob/fitnesse,Topleet,0.0001727656340484912,5733,0.99046538
534.3060531616211,unclebob/fitnesse,Topleet Index Based (Memorization Off),0.0005238629431078568,5733,3.0033062528373433
467.8085250854492,unclebob/fitnesse,Topleet (Memorization Off),0.0003013479452293738,5733,1.72762777
207.3244400024414,unclebob/fitnesse,Topleet Scala Collections (Memorization Off),0.0006320278536145979,5733,3.62341568477249
,unclebob/fitnesse,Topleet 4x m5.xlarge,0.0002110536671780567,5733,1.209970673931799
,unclebob/fitnesse,Topleet 7x m5.xlarge,0.00013643720579381682,5733,0.7821945008159519
65.99504852294922,mybatis/spring,DJ-Rex Optimized,0.00013088636878919442,1382,0.18088496166666668
168.55154418945312,mybatis/spring,DJ-Rex,0.00040774175932611315,1382,0.5634991113886884
75.13176727294922,mybatis/spring,Lisa,0.00019159259098577971,1382,0.2647809607423476
90.00457000732422,mybatis/spring,Topleet,0.00021561248736462095,1382,0.29797645753790614
102.18467712402344,mybatis/spring,Topleet Index Based (Memorization Off),0.0002619016056910569,1382,0.36194801906504065
69.9798812866211,mybatis/spring,Topleet (Memorization Off),0.0001938324336710082,1382,0.26787642333333334
8.826759338378906,mybatis/spring,Topleet Scala Collections (Memorization Off),0.00011773910237923575,1382,0.1627154394881038
,mybatis/spring,Topleet 4x m5.xlarge,9.941725946887767e-05,1382,0.13739465258598893
,mybatis/spring,Topleet 7x m5.xlarge,8.590117385243931e-05,1382,0.11871542226407113
131.22915649414062,internetarchive/heritrix3,DJ-Rex Optimized,0.00021746349682772085,2049,0.445582705
763.6512145996094,internetarchive/heritrix3,DJ-Rex,0.005356213138116154,2049,10.97488072
432.0092086791992,internetarchive/heritrix3,Lisa,0.00045362416707336916,2049,0.9294759183333334
281.4102783203125,internetarchive/heritrix3,Topleet,0.0002481310411582886,2049,0.5084205033333333
204.75592041015625,internetarchive/heritrix3,Topleet Index Based (Memorization Off),0.0005259583706952567,2049,1.077688701554581
236.4323272705078,internetarchive/heritrix3,Topleet (Memorization Off),0.0003284877745241581,2049,0.67307145
51.387908935546875,internetarchive/heritrix3,Topleet Scala Collections (Memorization Off),0.0005534785380116959,2049,1.1340775243859649
,internetarchive/heritrix3,Topleet 4x m5.xlarge,0.0001410108128917032,2049,0.28893115561509986
,internetarchive/heritrix3,Topleet 7x m5.xlarge,0.00011465535042214647,2049,0.23492881301497812
32.93827819824219,google/flexbox-layout,DJ-Rex Optimized,0.000748236035645472,346,0.2588896683333333
87.95901489257812,google/flexbox-layout,DJ-Rex,0.0023945957523809525,346,0.8285301303238095
316.1043167114258,google/flexbox-layout,Lisa,0.0017481741522157996,346,0.6048682566666667
185.41802215576172,google/flexbox-layout,Topleet,0.0010371691594620559,346,0.35886052917387135
261.20215606689453,google/flexbox-layout,Topleet Index Based (Memorization Off),0.0017187856333333333,346,0.5946998291333333
160.17526245117188,google/flexbox-layout,Topleet (Memorization Off),0.0012247337716763005,346,0.423757885
17.374359130859375,google/flexbox-layout,Topleet Scala Collections (Memorization Off),0.0018635636,346,0.6447930056
,google/flexbox-layout,Topleet 4x m5.xlarge,0.00046084838166666667,346,0.15945354005666668
,google/flexbox-layout,Topleet 7x m5.xlarge,0.00041999715942857144,346,0.1453190171622857
252.58938598632812,twitter/heron,DJ-Rex Optimized,0.00015239323506289308,2968,0.45230312166666664
1241.5924758911133,twitter/heron,DJ-Rex,0.00419606023138833,2968,12.453906766760564
889.2513885498047,twitter/heron,Lisa,0.00042916727966767714,2968,1.2737684860536658
461.1901092529297,twitter/heron,Topleet,0.00018141764791736835,2968,0.5384475790187493
384.4050064086914,twitter/heron,Topleet Index Based (Memorization Off),0.00032835140605858113,2968,0.9745469731818688
354.2533187866211,twitter/heron,Topleet (Memorization Off),0.00020743013982479783,2968,0.615652655
103.10249328613281,twitter/heron,Topleet Scala Collections (Memorization Off),0.0003373002473478504,2968,1.00110713412842
,twitter/heron,Topleet 4x m5.xlarge,0.00032056755629604824,2968,0.9514445070866712
,twitter/heron,Topleet 7x m5.xlarge,0.0003785125000502344,2968,1.1234251001490958
363.94568634033203,igniterealtime/Smack,DJ-Rex Optimized,0.00043858214911193723,4035,1.7696789716666668
1361.4921951293945,igniterealtime/Smack,DJ-Rex,0.004924455267893661,4035,19.87017700595092
1509.9975891113281,igniterealtime/Smack,Lisa,0.0006634092113941793,4035,2.6768561679755134
212.11170196533203,igniterealtime/Smack,Topleet,0.0002285827227029254,4035,0.922331286106304
474.37713623046875,igniterealtime/Smack,Topleet Index Based (Memorization Off),0.0007738672199102408,4035,3.1225542323378215
398.75135040283203,igniterealtime/Smack,Topleet (Memorization Off),0.0004317305815778604,4035,1.7420328966666667
217.16954803466797,igniterealtime/Smack,Topleet Scala Collections (Memorization Off),0.000997922488360696,4035,4.026617240535408
,igniterealtime/Smack,Topleet 4x m5.xlarge,0.0001801766792820387,4035,0.7270129009030262
,igniterealtime/Smack,Topleet 7x m5.xlarge,0.00010725398325173398,4035,0.4327698224207466
177.02225494384766,rzwitserloot/lombok,DJ-Rex Optimized,0.00028637402387041773,2737,0.7838057033333333
956.8947830200195,rzwitserloot/lombok,DJ-Rex,0.004150615308194344,2737,11.36023409852792
921.3529891967773,rzwitserloot/lombok,Lisa,0.0005609398225139801,2737,1.5352922942207634
282.77049255371094,rzwitserloot/lombok,Topleet,0.00023373170790878215,2737,0.6397236845463368
353.4751892089844,rzwitserloot/lombok,Topleet Index Based (Memorization Off),0.0006297251963271717,2737,1.7235578623474688
250.41976165771484,rzwitserloot/lombok,Topleet (Memorization Off),0.0004000635288028255,2737,1.0949738783333334
107.83132934570312,rzwitserloot/lombok,Topleet Scala Collections (Memorization Off),0.0008158313415518491,2737,2.232930381827411
,rzwitserloot/lombok,Topleet 4x m5.xlarge,0.0001516893115119652,2737,0.4151736456082487
,rzwitserloot/lombok,Topleet 7x m5.xlarge,0.00016419496562726613,2737,0.4494016209218274
64.43630981445312,alibaba/Sentinel,DJ-Rex Optimized,0.0004166436928104575,459,0.191239455
293.83695220947266,alibaba/Sentinel,DJ-Rex,0.0033998445095948827,459,1.5605286299040513
206.18854522705078,alibaba/Sentinel,Lisa,0.0008496738852578068,459,0.39000031333333335
65.9332046508789,alibaba/Sentinel,Topleet,0.0006879642028985507,459,0.31577556913043475
67.84718322753906,alibaba/Sentinel,Topleet Index Based (Memorization Off),0.0007005865049226442,459,0.32156920575949366
56.110084533691406,alibaba/Sentinel,Topleet (Memorization Off),0.0005283658387799564,459,0.24251992
21.0220947265625,alibaba/Sentinel,Topleet Scala Collections (Memorization Off),0.00041353892302259886,459,0.18981436566737286
,alibaba/Sentinel,Topleet 4x m5.xlarge,0.0002169648223516949,459,0.09958685345942796
,alibaba/Sentinel,Topleet 7x m5.xlarge,0.00019467552595338984,459,0.08935606641260593
156.59429168701172,ReactiveX/RxNetty,DJ-Rex Optimized,0.0002582892268967997,927,0.23943411333333334
326.7471160888672,ReactiveX/RxNetty,DJ-Rex,0.0014825275278676736,927,1.3743030183333333
422.1215133666992,ReactiveX/RxNetty,Lisa,0.000990676495864797,927,0.9183571116666668
194.9994125366211,ReactiveX/RxNetty,Topleet,0.00040686440848615603,927,0.37716330666666664
155.99919891357422,ReactiveX/RxNetty,Topleet Index Based (Memorization Off),0.0006561216325062927,927,0.6082247533333334
191.7747573852539,ReactiveX/RxNetty,Topleet (Memorization Off),0.00043565623157137723,927,0.4038533266666667
71.04265594482422,ReactiveX/RxNetty,Topleet Scala Collections (Memorization Off),0.0006208034358144552,927,0.575484785
,ReactiveX/RxNetty,Topleet 4x m5.xlarge,0.00017762506850053938,927,0.1646584385
,ReactiveX/RxNetty,Topleet 7x m5.xlarge,0.0002060154683926645,927,0.1909763392
3104.5523376464844,apache/cassandra,DJ-Rex Optimized,0.013019734038554899,24720,321.8478254330771
7003.631439208984,apache/cassandra,DJ-Rex,0.027678029572552824,24720,684.2008910335059
9999.998458862305,apache/cassandra,Lisa,0.004445053808252427,24720,109.88173013999999
3993.856430053711,apache/cassandra,Topleet,0.000555842875,24720,13.74043587
9992.11506652832,apache/cassandra,Topleet Index Based (Memorization Off),0.02376544966265271,24720,587.481915660775
9999.9965133667,apache/cassandra,Topleet (Memorization Off),0.011111000125539375,24720,274.66392310333333
8581.79507446289,apache/cassandra,Topleet Scala Collections (Memorization Off),0.03283878964925041,24720,811.7748801294701
,apache/cassandra,Topleet 4x m5.xlarge,0.0006040676117350307,24720,14.932551362089958
,apache/cassandra,Topleet 7x m5.xlarge,0.0004182531813559893,24720,10.339218643120056
15.997001647949219,medcl/elasticsearch-analysis-ik,DJ-Rex Optimized,0.0009418073616734143,247,0.23262641833333333
52.39967346191406,medcl/elasticsearch-analysis-ik,DJ-Rex,0.001504872590361446,247,0.3717035298192771
72.35436248779297,medcl/elasticsearch-analysis-ik,Lisa,0.0008330682051282051,247,0.20576784666666664
27.706588745117188,medcl/elasticsearch-analysis-ik,Topleet,0.0010070313495276653,247,0.24873674333333334
23.582603454589844,medcl/elasticsearch-analysis-ik,Topleet Index Based (Memorization Off),0.0011565003145917,247,0.2856555777041499
21.29376220703125,medcl/elasticsearch-analysis-ik,Topleet (Memorization Off),0.0007739298920377868,247,0.19116068333333333
8.817169189453125,medcl/elasticsearch-analysis-ik,Topleet Scala Collections (Memorization Off),0.0005755603547523427,247,0.14216340762382865
8.820533752441406,medcl/elasticsearch-analysis-ik,Topleet Scala Collections (Memorization Off),0.00048686951137884873,247,0.12025676931057563
,medcl/elasticsearch-analysis-ik,Topleet 4x m5.xlarge,0.00029679989471218204,247,0.07330957399390896
,medcl/elasticsearch-analysis-ik,Topleet 7x m5.xlarge,0.00031259576017402945,247,0.07721115276298528
366.43121337890625,alibaba/atlas,DJ-Rex Optimized,0.0010359647882288228,1212,1.2555893233333333
1199.0822677612305,alibaba/atlas,DJ-Rex,0.015533286298129813,1212,18.826342993333334
1246.5593948364258,alibaba/atlas,Lisa,0.0010804102585258526,1212,1.3094572333333334
348.74322509765625,alibaba/atlas,Topleet,0.0004269679840484049,1212,0.5174851966666667
378.12454986572266,alibaba/atlas,Topleet Index Based (Memorization Off),0.00117506726760176,1212,1.4241815283333332
291.38961029052734,alibaba/atlas,Topleet (Memorization Off),0.0007232861894939495,1212,0.8766228616666667
99.8585205078125,alibaba/atlas,Topleet Scala Collections (Memorization Off),0.0015269485712321232,1212,1.8506616683333332
,alibaba/atlas,Topleet 4x m5.xlarge,0.0005869380800357241,1212,0.7113689530032976
,alibaba/atlas,Topleet 7x m5.xlarge,0.00041538959307502063,1212,0.503452186806925
910.1522903442383,Deletescape-Media/Lawnchair,DJ-Rex Optimized,0.0007549641462561232,21429,16.178126690122465
2099.1295776367188,Deletescape-Media/Lawnchair,DJ-Rex,0.005052773698144868,21429,108.27588757754638
9989.179260253906,Deletescape-Media/Lawnchair,Lisa,0.0014842058087240495,21429,31.805046275147657
1640.4310760498047,Deletescape-Media/Lawnchair,Topleet,0.00027822626413187156,21429,5.962110614081875
2516.170097351074,Deletescape-Media/Lawnchair,Topleet Index Based (Memorization Off),0.0026386585289139416,21429,56.543813616096855
1992.1939010620117,Deletescape-Media/Lawnchair,Topleet (Memorization Off),0.0015024847294165227,21429,32.19674526666667
648.8575286865234,Deletescape-Media/Lawnchair,Topleet Scala Collections (Memorization Off),0.0037919863779931054,21429,81.25847609401426
,Deletescape-Media/Lawnchair,Topleet 4x m5.xlarge,0.0002879418194757601,21429,6.170305249546063
,Deletescape-Media/Lawnchair,Topleet 7x m5.xlarge,0.00017469340495279356,21429,3.7435049747334133
66.40673828125,Netflix/archaius,DJ-Rex Optimized,0.0002953389658792651,635,0.18754024333333333
118.3119125366211,Netflix/archaius,DJ-Rex,0.0007517255459317585,635,0.47734572166666667
79.13124084472656,Netflix/archaius,Lisa,0.000402009280839895,635,0.25527589333333334
66.34625244140625,Netflix/archaius,Topleet,0.0004471413149606299,635,0.283934735
83.65208435058594,Netflix/archaius,Topleet Index Based (Memorization Off),0.0005007810052493439,635,0.31799593833333334
60.14823913574219,Netflix/archaius,Topleet (Memorization Off),0.00038007294488188976,635,0.24134632
8.826934814453125,Netflix/archaius,Topleet Scala Collections (Memorization Off),0.0002882523490813648,635,0.18304024166666666
,Netflix/archaius,Topleet 4x m5.xlarge,0.00016214604398950133,635,0.10296273793333335
,Netflix/archaius,Topleet 7x m5.xlarge,0.00012456348257217849,635,0.07909781143333335
22.642745971679688,reactive-streams/reactive-streams-jvm,DJ-Rex Optimized,0.0003708463689253936,487,0.18060218166666667
55.47101593017578,reactive-streams/reactive-streams-jvm,DJ-Rex,0.0007224709958932238,487,0.351843375
88.40027618408203,reactive-streams/reactive-streams-jvm,Lisa,0.0008447870465434633,487,0.4114112916666666
49.14508819580078,reactive-streams/reactive-streams-jvm,Topleet,0.0005480213312799452,487,0.26688638833333334
56.73847198486328,reactive-streams/reactive-streams-jvm,Topleet Index Based (Memorization Off),0.0006473076899383984,487,0.315238845
37.705963134765625,reactive-streams/reactive-streams-jvm,Topleet (Memorization Off),0.0004799346167008898,487,0.23372815833333332
15.212516784667969,reactive-streams/reactive-streams-jvm,Topleet Scala Collections (Memorization Off),0.0004293125325119781,487,0.20907520333333332
,reactive-streams/reactive-streams-jvm,Topleet 4x m5.xlarge,0.00015936273754277894,487,0.07760965318333334
,reactive-streams/reactive-streams-jvm,Topleet 7x m5.xlarge,0.0001428198044147844,487,0.06955324475
191.40341186523438,apache/zookeeper,DJ-Rex Optimized,0.0002168213304757102,1982,0.42973987700285765
747.8901748657227,apache/zookeeper,DJ-Rex,0.005214253576648397,1982,10.334650588917123
1378.6419219970703,apache/zookeeper,Lisa,0.0008136590092127304,1982,1.6126721562596316
291.3772277832031,apache/zookeeper,Topleet,0.00028836587185929646,1982,0.5715411580251256
257.9474868774414,apache/zookeeper,Topleet Index Based (Memorization Off),0.0005529337582836316,1982,1.0959147089181578
210.88671875,apache/zookeeper,Topleet (Memorization Off),0.0003490402018163471,1982,0.69179768
73.47733306884766,apache/zookeeper,Topleet Scala Collections (Memorization Off),0.0006117991749502983,1982,1.2125859647514912
,apache/zookeeper,Topleet 4x m5.xlarge,0.00023728501283962889,1982,0.47029889544814446
,apache/zookeeper,Topleet 7x m5.xlarge,0.0002586434281891981,1982,0.5126312746709907
15.9339599609375,pilgr/Paper,DJ-Rex Optimized,0.0007165858018018018,185,0.13256837333333332
27.13098907470703,pilgr/Paper,DJ-Rex,0.0008851651891891892,185,0.16375556
18.71546173095703,pilgr/Paper,Lisa,0.0010777731981981983,185,0.19938804166666668
22.792625427246094,pilgr/Paper,Topleet,0.0011746023783783784,185,0.21730144
22.996925354003906,pilgr/Paper,Topleet Index Based (Memorization Off),0.0012311382882882883,185,0.22776058333333335
23.59503173828125,pilgr/Paper,Topleet (Memorization Off),0.0009881603333333335,185,0.18280966166666668
8.770523071289062,pilgr/Paper,Topleet Scala Collections (Memorization Off),0.0003793457297297297,185,0.07017896
,pilgr/Paper,Topleet 4x m5.xlarge,0.0004905275703603603,185,0.09074760051666667
,pilgr/Paper,Topleet 7x m5.xlarge,0.00031019091522522526,185,0.057385319316666676
111.08883666992188,searchbox-io/Jest,DJ-Rex Optimized,0.0002062455710549259,1147,0.23656367
298.14099884033203,searchbox-io/Jest,DJ-Rex,0.0014197070124963673,1147,1.6284039433333333
161.8608169555664,searchbox-io/Jest,Lisa,0.000392379954954955,1147,0.45005980833333337
79.73638153076172,searchbox-io/Jest,Topleet,0.000300675,1147,0.344874225
90.56224060058594,searchbox-io/Jest,Topleet Index Based (Memorization Off),0.00047183784365010167,1147,0.5411980066666666
107.40235137939453,searchbox-io/Jest,Topleet (Memorization Off),0.0003016473408892764,1147,0.3459895
29.547576904296875,searchbox-io/Jest,Topleet Scala Collections (Memorization Off),0.00037502920371984886,1147,0.4301584966666666
,searchbox-io/Jest,Topleet 4x m5.xlarge,0.00012968612240627726,1147,0.1487499824
,searchbox-io/Jest,Topleet 7x m5.xlarge,0.00010020522043010752,1147,0.11493538783333333
84.71288299560547,Microsoft/malmo,DJ-Rex Optimized,0.0002485216233031674,1755,0.4361554488970588
300.19349670410156,Microsoft/malmo,DJ-Rex,0.002370338327677225,1755,4.159943765073529
273.59169006347656,Microsoft/malmo,Lisa,0.00031668209181749625,1755,0.5557770711397059
108.7130355834961,Microsoft/malmo,Topleet,0.0002254632946832579,1755,0.3956880821691176
130.63348388671875,Microsoft/malmo,Topleet Index Based (Memorization Off),0.0004084810077300151,1755,0.7168841685661765
139.49888610839844,Microsoft/malmo,Topleet (Memorization Off),0.0002638252032288699,1755,0.4630132316666667
34.94249725341797,Microsoft/malmo,Topleet Scala Collections (Memorization Off),0.00039465945230015084,1755,0.6926273387867647
,Microsoft/malmo,Topleet 4x m5.xlarge,0.00017045136588423834,1755,0.2991421471268383
,Microsoft/malmo,Topleet 7x m5.xlarge,0.00012081632857277527,1755,0.2120326566452206
121.7878646850586,Netflix/curator,DJ-Rex Optimized,0.00023939756031746034,1050,0.25136743833333336
274.25452423095703,Netflix/curator,DJ-Rex,0.0015444026634920636,1050,1.6216227966666668
197.94305419921875,Netflix/curator,Lisa,0.0004481556,1050,0.47056338
101.54276275634766,Netflix/curator,Topleet,0.00032686386984126986,1050,0.34320706333333334
121.17424011230469,Netflix/curator,Topleet Index Based (Memorization Off),0.00044680968095238096,1050,0.469150165
128.0982894897461,Netflix/curator,Topleet (Memorization Off),0.00029560597619047616,1050,0.310386275
32.54792022705078,Netflix/curator,Topleet Scala Collections (Memorization Off),0.00030936415396825396,1050,0.3248323616666667
,Netflix/curator,Topleet 4x m5.xlarge,0.00012536432479365078,1050,0.13163254103333333
,Netflix/curator,Topleet 7x m5.xlarge,0.00015948193392063492,1050,0.16745603061666667
1108.9891204833984,languagetool-org/languagetool,DJ-Rex Optimized,8.68135314699793e-05,32183,2.7939198832983436
7082.142105102539,languagetool-org/languagetool,DJ-Rex,0.017377391562341353,32183,559.2565926508317
3307.849235534668,languagetool-org/languagetool,Lisa,0.0001335266025065759,32183,4.297286648469132
1830.7514114379883,languagetool-org/languagetool,Topleet,0.00017429248134751335,32183,5.609254927207022
2358.100631713867,languagetool-org/languagetool,Topleet Index Based (Memorization Off),0.0003243828956856147,32183,10.439614731850138
2207.865676879883,languagetool-org/languagetool,Topleet (Memorization Off),0.00016291525924660017,32183,5.243101788333333
214.0975112915039,languagetool-org/languagetool,Topleet Scala Collections (Memorization Off),0.0002632366193113048,32183,8.471744119295723
,languagetool-org/languagetool,Topleet 4x m5.xlarge,0.000408818372826328,32183,13.157001692669715
,languagetool-org/languagetool,Topleet 7x m5.xlarge,0.00026372044485253453,32183,8.48731507668912
86.15960693359375,stephanenicolas/robospice,DJ-Rex Optimized,0.00023938042242703533,868,0.20778220666666666
224.47469329833984,stephanenicolas/robospice,DJ-Rex,0.001537791098310292,868,1.3348026733333334
366.2494430541992,stephanenicolas/robospice,Lisa,0.0005921343260368664,868,0.513972595
166.83970642089844,stephanenicolas/robospice,Topleet,0.00029586269777265745,868,0.2568088216666667
121.81041717529297,stephanenicolas/robospice,Topleet Index Based (Memorization Off),0.00045851769393241167,868,0.3979933583333333
137.1387176513672,stephanenicolas/robospice,Topleet (Memorization Off),0.0003451374404761905,868,0.29957929833333335
24.455291748046875,stephanenicolas/robospice,Topleet Scala Collections (Memorization Off),0.00032369804723502305,868,0.280969905
,stephanenicolas/robospice,Topleet 4x m5.xlarge,0.0002829897822196621,868,0.24563513096666667
,stephanenicolas/robospice,Topleet 7x m5.xlarge,0.0004438355266705069,868,0.38524923715
15.996925354003906,googlesamples/android-play-billing,DJ-Rex Optimized,0.0015251423408239701,89,0.13573766833333334
38.38599395751953,googlesamples/android-play-billing,DJ-Rex,0.001939841554307116,89,0.17264589833333333
62.71369934082031,googlesamples/android-play-billing,Lisa,0.0018103162921348313,89,0.16111815
21.577293395996094,googlesamples/android-play-billing,Topleet,0.002209212827715356,89,0.19661994166666666
21.17681121826172,googlesamples/android-play-billing,Topleet Index Based (Memorization Off),0.002563010580524345,89,0.2281079416666667
21.506088256835938,googlesamples/android-play-billing,Topleet (Memorization Off),0.0021257409550561796,89,0.189190945
8.820655822753906,googlesamples/android-play-billing,Topleet Scala Collections (Memorization Off),0.0008996667790262173,89,0.08007034333333334
,googlesamples/android-play-billing,Topleet 4x m5.xlarge,0.0007742714853932585,89,0.0689101622
,googlesamples/android-play-billing,Topleet 7x m5.xlarge,0.0006189866013108614,89,0.055089807516666665
169.1782684326172,debezium/debezium,DJ-Rex Optimized,0.00026011834704079984,2061,0.5361039132510885
841.7103652954102,debezium/debezium,DJ-Rex,0.00794841819963537,2061,16.381689909448497
774.7694549560547,debezium/debezium,Lisa,0.0006626748036375342,2061,1.365772770296958
301.9270782470703,debezium/debezium,Topleet,0.0002644312381867692,2061,0.5449927819029313
255.00318145751953,debezium/debezium,Topleet Index Based (Memorization Off),0.0006088366427503736,2061,1.25481232070852
225.28585052490234,debezium/debezium,Topleet (Memorization Off),0.0003740876799288371,2061,0.7709947083333333
80.11111450195312,debezium/debezium,Topleet Scala Collections (Memorization Off),0.0007518782728372656,2061,1.5496211203176042
,debezium/debezium,Topleet 4x m5.xlarge,0.00016857801715775158,2061,0.347439293362126
,debezium/debezium,Topleet 7x m5.xlarge,0.00012047858373176965,2061,0.24830636107117723
174.1951675415039,apache/shiro,DJ-Rex Optimized,0.00013538643577494692,1884,0.255068045
488.6749267578125,apache/shiro,DJ-Rex,0.0016302648214916932,1884,3.07141892369035
653.759651184082,apache/shiro,Lisa,0.0005447740888181175,1884,1.0263543833333333
161.25987243652344,apache/shiro,Topleet,0.0001911381627783669,1884,0.3601042986744432
198.031005859375,apache/shiro,Topleet Index Based (Memorization Off),0.00031269977072310404,1884,0.589126368042328
152.12491607666016,apache/shiro,Topleet (Memorization Off),0.00020087297328379335,1884,0.37844468166666667
41.33631134033203,apache/shiro,Topleet Scala Collections (Memorization Off),0.00024918521892655366,1884,0.4694649524576271
,apache/shiro,Topleet 4x m5.xlarge,0.00012626901715193225,1884,0.23789082831424035
,apache/shiro,Topleet 7x m5.xlarge,9.27676425876961e-05,1884,0.17477423863521943
171.39754486083984,apache/avro,DJ-Rex Optimized,0.00019873743260386933,2102,0.41774608333333335
631.8977966308594,apache/avro,DJ-Rex,0.00464469362962963,2102,9.763146009481481
648.3435668945312,apache/avro,Lisa,0.0005357691377397369,2102,1.126186727528927
269.62516021728516,apache/avro,Topleet,0.00021791660326517674,2102,0.4580607000634015
315.48018646240234,apache/avro,Topleet Index Based (Memorization Off),0.0005069472089014261,2102,1.0656030331107977
256.18920135498047,apache/avro,Topleet (Memorization Off),0.000311161847446876,2102,0.6540622033333333
85.24556732177734,apache/avro,Topleet Scala Collections (Memorization Off),0.000581023862708137,2102,1.221312159412504
,apache/avro,Topleet 4x m5.xlarge,0.00017741220153942821,2102,0.3729204476358781
,apache/avro,Topleet 7x m5.xlarge,0.00012488345124764594,2102,0.26250501452255176
210.51976776123047,wireapp/wire-android,DJ-Rex Optimized,0.00016764609018865277,4752,0.796654220576478
1247.522933959961,wireapp/wire-android,DJ-Rex,0.005831806864641842,4752,27.712746220778033
743.8698120117188,wireapp/wire-android,Lisa,0.000318595076696785,4752,1.5139638044631223
265.6197814941406,wireapp/wire-android,Topleet,0.00012838015126050422,4752,0.610062478789916
523.722900390625,wireapp/wire-android,Topleet Index Based (Memorization Off),0.0004202048624011008,4752,1.9968135061300312
450.2087860107422,wireapp/wire-android,Topleet (Memorization Off),0.00026599168420314253,4752,1.2639924833333334
164.1423568725586,wireapp/wire-android,Topleet Scala Collections (Memorization Off),0.0005499740360490764,4752,2.613476619305211
,wireapp/wire-android,Topleet 4x m5.xlarge,0.0001705715721980976,4752,0.8105561110853599
,wireapp/wire-android,Topleet 7x m5.xlarge,0.00011721745077479339,4752,0.5570173260818182
340.41712951660156,eclipse-vertx/vert.x,DJ-Rex Optimized,0.0003332115159727355,4059,1.3525055433333333
1181.188331604004,eclipse-vertx/vert.x,DJ-Rex,0.006458900150997151,4059,26.216675712897434
1916.6941680908203,eclipse-vertx/vert.x,Lisa,0.0008139747881321203,4059,3.303923665028276
468.37774658203125,eclipse-vertx/vert.x,Topleet,0.00020108139585381843,4059,0.816189385770649
711.3474044799805,eclipse-vertx/vert.x,Topleet Index Based (Memorization Off),0.0009922598108086209,4059,4.027582572072192
477.8934860229492,eclipse-vertx/vert.x,Topleet (Memorization Off),0.0005515901568530836,4059,2.2389044466666665
216.2122344970703,eclipse-vertx/vert.x,Topleet Scala Collections (Memorization Off),0.001324340283791454,4059,5.3754972119095115
,eclipse-vertx/vert.x,Topleet 4x m5.xlarge,0.0001915533689034768,4059,0.7775151243792123
,eclipse-vertx/vert.x,Topleet 7x m5.xlarge,0.00013312047993437046,4059,0.5403360280536097
115.44136047363281,orgzly/orgzly-android,DJ-Rex Optimized,0.00025264753581107237,1722,0.4350590566666666
359.66703033447266,orgzly/orgzly-android,DJ-Rex,0.0024408644656917886,1722,4.20316860992126
355.7303771972656,orgzly/orgzly-android,Lisa,0.00043807741926182235,1722,0.754369315968858
132.7706298828125,orgzly/orgzly-android,Topleet,0.0002163240538243626,1722,0.3725100206855524
171.47940826416016,orgzly/orgzly-android,Topleet Index Based (Memorization Off),0.0004661325303197354,1722,0.8026802172105844
191.04461669921875,orgzly/orgzly-android,Topleet (Memorization Off),0.00031153962640340685,1722,0.5364712366666666
31.26544189453125,orgzly/orgzly-android,Topleet Scala Collections (Memorization Off),0.00048041288882702304,1722,0.8272709945601336
,orgzly/orgzly-android,Topleet 4x m5.xlarge,0.0001713620692093541,1722,0.2950854831785078
,orgzly/orgzly-android,Topleet 7x m5.xlarge,0.00013693235433941402,1722,0.23579751417247094
133.93936157226562,junit-team/junit4,DJ-Rex Optimized,0.00013501966346822418,2397,0.32364213333333336
342.03905487060547,junit-team/junit4,DJ-Rex,0.0010790166965526829,2397,2.5864030216367806
322.5641555786133,junit-team/junit4,Lisa,0.0003057945668196357,2397,0.7329895766666668
157.9476318359375,junit-team/junit4,Topleet,0.00014785816506744542,2397,0.3544160216666667
164.79802703857422,junit-team/junit4,Topleet Index Based (Memorization Off),0.00024754984816971714,2397,0.593376986062812
159.57757568359375,junit-team/junit4,Topleet (Memorization Off),0.00016703559518842998,2397,0.40038432166666665
38.45680236816406,junit-team/junit4,Topleet Scala Collections (Memorization Off),0.00019823745383867831,2397,0.47517517685131194
,junit-team/junit4,Topleet 4x m5.xlarge,0.00011428152603082049,2397,0.2739328178958767
,junit-team/junit4,Topleet 7x m5.xlarge,0.0001289412108635291,2397,0.3090720824398792
1517.7039947509766,wordpress-mobile/WordPress-Android,DJ-Rex Optimized,0.0013193242781041235,40499,53.4313139389389
4551.320777893066,wordpress-mobile/WordPress-Android,DJ-Rex,0.02106059313130452,40499,852.9329612247017
9944.200050354004,wordpress-mobile/WordPress-Android,Lisa,0.0009266456829725332,40499,37.52822351470462
2112.9952850341797,wordpress-mobile/WordPress-Android,Topleet,0.0002550261571905255,40499,10.328304340059093
3936.3779830932617,wordpress-mobile/WordPress-Android,Topleet Index Based (Memorization Off),0.0017043670432299503,40499,69.02516088376976
3210.396339416504,wordpress-mobile/WordPress-Android,Topleet (Memorization Off),0.0009331461913874416,40499,37.791487605
1018.0836410522461,wordpress-mobile/WordPress-Android,Topleet Scala Collections (Memorization Off),0.002317938565177543,40499,93.87419395112532
,wordpress-mobile/WordPress-Android,Topleet 4x m5.xlarge,0.00048743016392538527,40499,19.74043420881418
,wordpress-mobile/WordPress-Android,Topleet 7x m5.xlarge,0.00028686828607856006,40499,11.617878717895604
26.657630920410156,loopj/android-async-http,DJ-Rex Optimized,0.00020912052177177176,888,0.18569902333333332
88.58194732666016,loopj/android-async-http,DJ-Rex,0.000565877740888639,888,0.5024994339091114
114.19702911376953,loopj/android-async-http,Lisa,0.0004211084045744282,888,0.37394426326209224
60.24523162841797,loopj/android-async-http,Topleet,0.0002873782245969254,888,0.25519186344206973
57.648345947265625,loopj/android-async-http,Topleet Index Based (Memorization Off),0.00040954237345331834,888,0.3636736276265467
91.7348861694336,loopj/android-async-http,Topleet (Memorization Off),0.00031047501126126124,888,0.27570181
14.387893676757812,loopj/android-async-http,Topleet Scala Collections (Memorization Off),0.0002916206974128234,888,0.25895917930258716
,loopj/android-async-http,Topleet 4x m5.xlarge,0.0001037001471503562,888,0.09208573066951631
,loopj/android-async-http,Topleet 7x m5.xlarge,9.055440281214848e-05,888,0.08041230969718785
,Bukkit/CraftBukkit,DJ-Rex Optimized,,0,
,Bukkit/CraftBukkit,DJ-Rex,,0,
,Bukkit/CraftBukkit,Topleet,,0,
,Bukkit/CraftBukkit,Topleet (Memorization Off),,0,
128.98664093017578,shopizer-ecommerce/shopizer,DJ-Rex Optimized,0.0006740866111111111,360,0.24267118
396.738525390625,shopizer-ecommerce/shopizer,DJ-Rex,0.007461784472175927,360,2.6862424099833335
764.8755569458008,shopizer-ecommerce/shopizer,Lisa,0.002045929625,360,0.736534665
125.43524932861328,shopizer-ecommerce/shopizer,Topleet,0.0008223909398148148,360,0.29606073833333335
196.14958953857422,shopizer-ecommerce/shopizer,Topleet Index Based (Memorization Off),0.0014363244166666666,360,0.51707679
192.81476593017578,shopizer-ecommerce/shopizer,Topleet (Memorization Off),0.0010034926481481481,360,0.3612573533333333
41.33960723876953,shopizer-ecommerce/shopizer,Topleet Scala Collections (Memorization Off),0.0013067839583333332,360,0.47044222499999994
,shopizer-ecommerce/shopizer,Topleet 4x m5.xlarge,0.0019193577752564103,360,0.6909687990923077
,shopizer-ecommerce/shopizer,Topleet 7x m5.xlarge,0.00274986111982906,360,0.9899500031384616
137.39505004882812,sparklemotion/nokogiri,DJ-Rex Optimized,0.0001005965604088536,4533,0.4560042083333334
362.55435943603516,sparklemotion/nokogiri,DJ-Rex,0.0007981810372574955,4533,3.618154641888227
276.0387878417969,sparklemotion/nokogiri,Lisa,0.00015482126700492682,4533,0.7018048033333333
166.82754516601562,sparklemotion/nokogiri,Topleet,9.880682623722334e-05,4533,0.44789134333333336
272.93871307373047,sparklemotion/nokogiri,Topleet Index Based (Memorization Off),0.00020421183568489123,4533,0.925692251159612
289.3014602661133,sparklemotion/nokogiri,Topleet (Memorization Off),0.00012711595227590266,4533,0.5762166116666667
45.844696044921875,sparklemotion/nokogiri,Topleet Scala Collections (Memorization Off),0.00017977709766313932,4533,0.8149295837070105
,sparklemotion/nokogiri,Topleet 4x m5.xlarge,6.240149093915344e-05,4533,0.28286595842718254
,sparklemotion/nokogiri,Topleet 7x m5.xlarge,4.110215205026455e-05,4533,0.1863160552438492
808.1095657348633,Sable/soot,DJ-Rex Optimized,0.005114152311260688,5497,28.112495255
5168.001106262207,Sable/soot,DJ-Rex,0.06602406556243103,5497,362.93428839668337
6714.240608215332,Sable/soot,Lisa,0.0022950016227032926,5497,12.615623919999999
936.0297241210938,Sable/soot,Topleet,0.001033074722272755,5497,5.6788117483333345
1400.6162567138672,Sable/soot,Topleet Index Based (Memorization Off),0.009431386798859983,5497,51.84433323333333
1134.4839172363281,Sable/soot,Topleet (Memorization Off),0.005377766001758535,5497,29.561579711666667
552.4550247192383,Sable/soot,Topleet Scala Collections (Memorization Off),0.011447349780183129,5497,62.92608174166666
,Sable/soot,Topleet 4x m5.xlarge,0.0011866693879600994,5497,6.523121625616667
,Sable/soot,Topleet 7x m5.xlarge,0.000816364515584258,5497,4.487555742166666
27.268714904785156,termux/termux-app,DJ-Rex Optimized,0.00035078006172839505,567,0.198892295
106.60033416748047,termux/termux-app,DJ-Rex,0.0014413864722698686,567,0.8172661297770155
221.71500396728516,termux/termux-app,Lisa,0.0005675859615384615,567,0.3218212401923077
62.58406066894531,termux/termux-app,Topleet,0.0004507636858974359,567,0.25558300990384614
138.02881622314453,termux/termux-app,Topleet Index Based (Memorization Off),0.0006511753440496333,567,0.3692164200761421
73.93912506103516,termux/termux-app,Topleet (Memorization Off),0.0008791327248677249,567,0.498468255
15.251319885253906,termux/termux-app,Topleet Scala Collections (Memorization Off),0.0003782817749287749,567,0.21448576638461536
,termux/termux-app,Topleet 4x m5.xlarge,0.00014842090165242166,567,0.08415465123692309
,termux/termux-app,Topleet 7x m5.xlarge,0.0001287631929059829,567,0.07300873037769232
107.94296264648438,jberkel/sms-backup-plus,DJ-Rex Optimized,0.00014529746114996117,1716,0.24933044333333337
182.00845336914062,jberkel/sms-backup-plus,DJ-Rex,0.0007221567218671314,1716,1.2392209347239975
259.52217864990234,jberkel/sms-backup-plus,Lisa,0.00032463775349650354,1716,0.5570783850000001
120.89091491699219,jberkel/sms-backup-plus,Topleet,0.00017601121989121988,1716,0.3020352533333333
133.8317108154297,jberkel/sms-backup-plus,Topleet Index Based (Memorization Off),0.00031802667816091957,1716,0.545733779724138
157.63296508789062,jberkel/sms-backup-plus,Topleet (Memorization Off),0.00022262758352758352,1716,0.3820289333333333
24.261322021484375,jberkel/sms-backup-plus,Topleet Scala Collections (Memorization Off),0.00027115258473755567,1716,0.46529783540964553
,jberkel/sms-backup-plus,Topleet 4x m5.xlarge,0.0001936989783556072,1716,0.33238744685822197
,jberkel/sms-backup-plus,Topleet 7x m5.xlarge,0.00010004999578733294,1716,0.17168579277106333
382.5583038330078,apache/pulsar,DJ-Rex Optimized,0.0002449813891843972,3749,0.918435228052305
2958.5909423828125,apache/pulsar,DJ-Rex,0.02115031114966161,3749,79.29251650008138
2913.0244064331055,apache/pulsar,Lisa,0.00118609633377542,3749,4.4466751553240496
848.8659057617188,apache/pulsar,Topleet,0.0002755954003871876,3749,1.0332071560515663
1021.8217163085938,apache/pulsar,Topleet Index Based (Memorization Off),0.0007512995227737973,3749,2.816621910878966
817.2549285888672,apache/pulsar,Topleet (Memorization Off),0.00042085062461100735,3749,1.5777689916666666
193.1382827758789,apache/pulsar,Topleet Scala Collections (Memorization Off),0.0009746290362579101,3749,3.6538842569309047
,apache/pulsar,Topleet 4x m5.xlarge,0.0004356206219428767,3749,1.6331417116638447
,apache/pulsar,Topleet 7x m5.xlarge,0.0002812043802513465,3749,1.0542352215622979
193.17488861083984,powermock/powermock,DJ-Rex Optimized,0.00018988401129943502,1593,0.30248523
761.0666580200195,powermock/powermock,DJ-Rex,0.0027066553578154427,1593,4.311701985
665.7307205200195,powermock/powermock,Lisa,0.0006700631198995607,1593,1.0674105500000002
181.54376983642578,powermock/powermock,Topleet,0.00026248031178070726,1593,0.4181311366666667
119.87776947021484,powermock/powermock,Topleet Index Based (Memorization Off),0.00040286731371321226,1593,0.6417676307451471
200.88087463378906,powermock/powermock,Topleet (Memorization Off),0.0002730802667922159,1593,0.4350168649999999
35.72026824951172,powermock/powermock,Topleet Scala Collections (Memorization Off),0.00035878489432935765,1593,0.5715443366666667
,powermock/powermock,Topleet 4x m5.xlarge,0.00013500855075329566,1593,0.21506862135
,powermock/powermock,Topleet 7x m5.xlarge,0.00015452302889793363,1593,0.24615518503440828
455.9569396972656,cloudfoundry/uaa,DJ-Rex Optimized,0.0003405776312065861,7774,2.647650505
2035.3647842407227,cloudfoundry/uaa,DJ-Rex,0.01033164506415883,7774,80.31820872877074
1942.6844940185547,cloudfoundry/uaa,Lisa,0.000632078879746293,7774,4.913781211147682
496.1491928100586,cloudfoundry/uaa,Topleet,0.00021134910345418703,7774,1.6430279302528499
900.2780914306641,cloudfoundry/uaa,Topleet Index Based (Memorization Off),0.0009872218943443132,7774,7.674663006632691
779.8966369628906,cloudfoundry/uaa,Topleet (Memorization Off),0.0005760492719320813,7774,4.47820704
217.59563446044922,cloudfoundry/uaa,Topleet Scala Collections (Memorization Off),0.00145703221979803,7774,11.326968476709887
,cloudfoundry/uaa,Topleet 4x m5.xlarge,0.0001899978332772306,7774,1.4770431558971906
,cloudfoundry/uaa,Topleet 7x m5.xlarge,0.00013170273156628504,7774,1.0238570351963
126.83436584472656,westnordost/StreetComplete,DJ-Rex Optimized,0.0001639263267489712,2025,0.3319508116666667
461.10108184814453,westnordost/StreetComplete,DJ-Rex,0.0020763307893888086,2025,4.204569848512337
373.6178436279297,westnordost/StreetComplete,Lisa,0.0003768840109800066,2025,0.7631901222345133
151.83920288085938,westnordost/StreetComplete,Topleet,0.00021254479269092102,2025,0.43040320519911507
204.13349151611328,westnordost/StreetComplete,Topleet Index Based (Memorization Off),0.00035986929428708593,2025,0.728735320931349
258.4044647216797,westnordost/StreetComplete,Topleet (Memorization Off),0.00023353018847736625,2025,0.4728986316666667
55.88554382324219,westnordost/StreetComplete,Topleet Scala Collections (Memorization Off),0.00034410063104448746,2025,0.6968037778650871
,westnordost/StreetComplete,Topleet 4x m5.xlarge,0.00019134589087685364,2025,0.38747542902562865
,westnordost/StreetComplete,Topleet 7x m5.xlarge,0.00016655662210670534,2025,0.3372771597660783
234.5165786743164,scouter-project/scouter,DJ-Rex Optimized,0.00032241830858085807,2626,0.8466704783333333
1683.6251831054688,scouter-project/scouter,DJ-Rex,0.018217135545189132,2626,47.838197941666664
1982.3926086425781,scouter-project/scouter,Lisa,0.00101328273229246,2626,2.660880455
216.23404693603516,scouter-project/scouter,Topleet,0.0002647858263518659,2626,0.69532758
455.72107696533203,scouter-project/scouter,Topleet Index Based (Memorization Off),0.001039989520547945,2626,2.7310124809589036
409.4635238647461,scouter-project/scouter,Topleet (Memorization Off),0.0005999709094947956,2626,1.5755236083333333
213.81685638427734,scouter-project/scouter,Topleet Scala Collections (Memorization Off),0.0013948110922823052,2626,3.6627739283333334
,scouter-project/scouter,Topleet 4x m5.xlarge,0.0002638181979499873,2626,0.6927865878166667
,scouter-project/scouter,Topleet 7x m5.xlarge,0.00021904381868898188,2626,0.5752090678772664
114.30179595947266,eclipse/paho.mqtt.java,DJ-Rex Optimized,0.0004001243854748604,716,0.28648906
259.9559783935547,eclipse/paho.mqtt.java,DJ-Rex,0.0025521070106524634,716,1.8273086196271637
334.40514373779297,eclipse/paho.mqtt.java,Lisa,0.0008499041713221602,716,0.6085313866666667
90.63137817382812,eclipse/paho.mqtt.java,Topleet,0.0005150226489757915,716,0.3687562166666667
98.3193130493164,eclipse/paho.mqtt.java,Topleet Index Based (Memorization Off),0.0008420211051930759,716,0.6028871113182424
88.8227310180664,eclipse/paho.mqtt.java,Topleet (Memorization Off),0.0005449385288640596,716,0.39017598666666664
28.864234924316406,eclipse/paho.mqtt.java,Topleet Scala Collections (Memorization Off),0.0007988516844207723,716,0.5719778060452729
,eclipse/paho.mqtt.java,Topleet 4x m5.xlarge,0.00019231412079449622,716,0.1376969104888593
,eclipse/paho.mqtt.java,Topleet 7x m5.xlarge,0.00015464142128273413,716,0.11072325763843764
834.5184631347656,groovy/groovy-core,DJ-Rex Optimized,0.0003456832159207195,12378,4.278866846666666
3627.4515686035156,groovy/groovy-core,DJ-Rex,0.01107996736144773,12378,137.147836
9175.381851196289,groovy/groovy-core,Lisa,0.0014059134821174666,12378,17.40239708165
634.5470428466797,groovy/groovy-core,Topleet,0.0002690961360208973,12378,3.330871971666667
1372.6544952392578,groovy/groovy-core,Topleet Index Based (Memorization Off),0.0008942438921204287,12378,11.068950896666667
1072.0690155029297,groovy/groovy-core,Topleet (Memorization Off),0.00047653963914471914,12378,5.898607653333333
228.18997192382812,groovy/groovy-core,Topleet Scala Collections (Memorization Off),0.0011664784582862066,12378,14.438670356666666
,groovy/groovy-core,Topleet 4x m5.xlarge,0.0002886524525865783,12378,3.5729400581166666
,groovy/groovy-core,Topleet 7x m5.xlarge,0.00016814187681100877,12378,2.0812601511666666
80.31736755371094,syncthing/syncthing-android,DJ-Rex Optimized,0.0001388408910597987,1689,0.234502265
173.24083709716797,syncthing/syncthing-android,DJ-Rex,0.000721662847546729,1689,1.2188885495064252
213.85498809814453,syncthing/syncthing-android,Lisa,0.00030204058131728316,1689,0.5101465418448913
138.1412353515625,syncthing/syncthing-android,Topleet,0.0002137242708944999,1689,0.36098029354081035
173.21630096435547,syncthing/syncthing-android,Topleet Index Based (Memorization Off),0.00030076396645336434,1689,0.5079903393397324
115.47401428222656,syncthing/syncthing-android,Topleet (Memorization Off),0.0002249623337280442,1689,0.37996138166666665
27.46398162841797,syncthing/syncthing-android,Topleet Scala Collections (Memorization Off),0.00021574744030285382,1689,0.3643974266715201
,syncthing/syncthing-android,Topleet 4x m5.xlarge,9.531411714230247e-05,1689,0.16098554385334887
,syncthing/syncthing-android,Topleet 7x m5.xlarge,8.321466911279362e-05,1689,0.14054957613150842
22.852745056152344,googlesamples/android-testing,DJ-Rex Optimized,0.0004140029491725768,282,0.11674883166666666
63.82623291015625,googlesamples/android-testing,DJ-Rex,0.0008216161111111111,282,0.23169574333333334
65.54850006103516,googlesamples/android-testing,Lisa,0.0006189815838652483,282,0.17455280665
28.942787170410156,googlesamples/android-testing,Topleet,0.0008281827009456265,282,0.23354752166666667
25.64362335205078,googlesamples/android-testing,Topleet Index Based (Memorization Off),0.0007997859278959811,282,0.22553963166666666
28.51068878173828,googlesamples/android-testing,Topleet (Memorization Off),0.000625931755319149,282,0.176512755
8.777366638183594,googlesamples/android-testing,Topleet Scala Collections (Memorization Off),0.000247247890070922,282,0.069723905
,googlesamples/android-testing,Topleet 4x m5.xlarge,0.00031848894711425206,282,0.08981388308621908
,googlesamples/android-testing,Topleet 7x m5.xlarge,0.00034170654022379267,282,0.09636124434310954
608.9821929931641,querydsl/querydsl,DJ-Rex Optimized,0.00021397991946088101,7098,1.5188294683333334
1971.2100982666016,querydsl/querydsl,DJ-Rex,0.005671956156663849,7098,40.2595448
1576.7055358886719,querydsl/querydsl,Lisa,0.0005696028698201371,7098,4.043041169983334
493.88836669921875,querydsl/querydsl,Topleet,0.00020094183995491687,7098,1.42628518
773.9235229492188,querydsl/querydsl,Topleet Index Based (Memorization Off),0.0006040646717385179,7098,4.28765104
783.4306640625,querydsl/querydsl,Topleet (Memorization Off),0.00035058717854794777,7098,2.4884677933333332
220.10823822021484,querydsl/querydsl,Topleet Scala Collections (Memorization Off),0.0007952090506715507,7098,5.644393841666667
,querydsl/querydsl,Topleet 4x m5.xlarge,0.00015435766639902332,7098,1.0956307161002676
,querydsl/querydsl,Topleet 7x m5.xlarge,0.00010151622158050429,7098,0.7205621407784195
62.76850128173828,facebook/stetho,DJ-Rex Optimized,0.00032235258491652275,579,0.18664214666666668
150.7602081298828,facebook/stetho,DJ-Rex,0.0015252935261945884,579,0.8831449516666666
99.0770263671875,facebook/stetho,Lisa,0.0005570779332181923,579,0.3225481233333333
69.78641510009766,facebook/stetho,Topleet,0.0005002364968336212,579,0.28963693166666665
106.07313537597656,facebook/stetho,Topleet Index Based (Memorization Off),0.0006527975229885058,579,0.37796976581034486
74.38809204101562,facebook/stetho,Topleet (Memorization Off),0.0004777315457685665,579,0.276606565
25.316558837890625,facebook/stetho,Topleet Scala Collections (Memorization Off),0.00043574225287356327,579,0.2522947644137931
,facebook/stetho,Topleet 4x m5.xlarge,0.00016144119137931034,579,0.09347444980862069
,facebook/stetho,Topleet 7x m5.xlarge,0.0001878976121264368,579,0.1087927174212069
135.72863006591797,facebook/facebook-android-sdk,DJ-Rex Optimized,0.0002638678446115288,1196,0.3155859421553885
359.9784851074219,facebook/facebook-android-sdk,DJ-Rex,0.00377124390758547,1196,4.5104077134722225
830.4459228515625,facebook/facebook-android-sdk,Lisa,0.0009653460907206456,1196,1.154553924501892
201.11204528808594,facebook/facebook-android-sdk,Topleet,0.000394612350249584,1196,0.4719563708985025
236.82698822021484,facebook/facebook-android-sdk,Topleet Index Based (Memorization Off),0.0007281538594409283,1196,0.8708720158913502
215.7807159423828,facebook/facebook-android-sdk,Topleet (Memorization Off),0.0004712773118729097,1196,0.563647665
51.397682189941406,facebook/facebook-android-sdk,Topleet Scala Collections (Memorization Off),0.0007884578144904458,1196,0.9429955461305731
,facebook/facebook-android-sdk,Topleet 4x m5.xlarge,0.0001863407828158174,1196,0.22286357624771763
,facebook/facebook-android-sdk,Topleet 7x m5.xlarge,0.0001967634183730159,1196,0.235329048374127
67.06858825683594,koush/AndroidAsync,DJ-Rex Optimized,0.00025669166666666667,1055,0.27080970833333334
243.87879180908203,koush/AndroidAsync,DJ-Rex,0.0013540690531716418,1055,1.4285428510960823
304.2688293457031,koush/AndroidAsync,Lisa,0.000620322225892575,1055,0.6544399483166666
103.62057495117188,koush/AndroidAsync,Topleet,0.00034794250868878354,1055,0.36707934666666664
151.19039154052734,koush/AndroidAsync,Topleet Index Based (Memorization Off),0.0004958730581467661,1055,0.5231460763448382
68.46879577636719,koush/AndroidAsync,Topleet (Memorization Off),0.00033896742180094787,1055,0.35761063
26.398239135742188,koush/AndroidAsync,Topleet Scala Collections (Memorization Off),0.0003942468376865672,1055,0.4159304137593284
,koush/AndroidAsync,Topleet 4x m5.xlarge,0.00011144476133395522,1055,0.11757422320732275
,koush/AndroidAsync,Topleet 7x m5.xlarge,9.621327369402985e-05,1055,0.10150500374720149
90.85797119140625,web3j/web3j,DJ-Rex Optimized,0.00027041217122920024,1242,0.3358519166666667
530.757209777832,web3j/web3j,DJ-Rex,0.0028650404086845464,1242,3.5583801875862067
378.29541778564453,web3j/web3j,Lisa,0.0007355661173499464,1242,0.9135731177486334
200.78487396240234,web3j/web3j,Topleet,0.0003249574082934609,1242,0.4035971011004784
177.96104431152344,web3j/web3j,Topleet Index Based (Memorization Off),0.0005913670979198377,1242,0.7344779356164384
116.89257049560547,web3j/web3j,Topleet (Memorization Off),0.00038311681427804616,1242,0.47583108333333335
53.94813537597656,web3j/web3j,Topleet Scala Collections (Memorization Off),0.0005808738106176622,1242,0.7214452727871364
,web3j/web3j,Topleet 4x m5.xlarge,0.0001636656565339459,1242,0.2032727454151608
,web3j/web3j,Topleet 7x m5.xlarge,0.00019574842153414882,1242,0.24311953954541285
114.37366485595703,ctripcorp/apollo,DJ-Rex Optimized,0.00010745370905587669,2249,0.24166339166666667
680.6382064819336,ctripcorp/apollo,DJ-Rex,0.002390099814325554,2249,5.375334482418172
394.70752716064453,ctripcorp/apollo,Lisa,0.0003083276271009338,2249,0.69342883335
176.95315551757812,ctripcorp/apollo,Topleet,0.00018879361642211353,2249,0.4245968433333333
193.76375579833984,ctripcorp/apollo,Topleet Index Based (Memorization Off),0.00026754928842228053,2249,0.6017183496617089
247.84314727783203,ctripcorp/apollo,Topleet (Memorization Off),0.000189068542315103,2249,0.4252151516666667
47.23896026611328,ctripcorp/apollo,Topleet Scala Collections (Memorization Off),0.00024721991860976683,2249,0.5559975969533656
,ctripcorp/apollo,Topleet 4x m5.xlarge,0.00017468645525003666,2249,0.3928698378573324
,ctripcorp/apollo,Topleet 7x m5.xlarge,0.00015027784679402724,2249,0.3379748774397673
69.0418930053711,apache/incubator-dubbo-ops,DJ-Rex Optimized,0.000482077681010929,488,0.23525390833333334
144.85125732421875,apache/incubator-dubbo-ops,DJ-Rex,0.002617873202811245,488,1.2775221229718876
271.96266174316406,apache/incubator-dubbo-ops,Lisa,0.000829514924897541,488,0.40480328335
69.03169250488281,apache/incubator-dubbo-ops,Topleet,0.0006683756454918033,488,0.326167315
91.05986022949219,apache/incubator-dubbo-ops,Topleet Index Based (Memorization Off),0.0009524626352705411,488,0.46480176601202405
60.14776611328125,apache/incubator-dubbo-ops,Topleet (Memorization Off),0.0006928310075136612,488,0.3381015316666667
26.456954956054688,apache/incubator-dubbo-ops,Topleet Scala Collections (Memorization Off),0.0007035899699398797,488,0.3433519053306613
,apache/incubator-dubbo-ops,Topleet 4x m5.xlarge,0.00023441423019372078,488,0.11439414433453574
,apache/incubator-dubbo-ops,Topleet 7x m5.xlarge,0.0005021917850033399,488,0.24506959108162987
15.996772766113281,Yalantis/Side-Menu.Android,DJ-Rex Optimized,0.0016097203888888888,60,0.09658322333333333
12.699989318847656,Yalantis/Side-Menu.Android,DJ-Rex,0.0020462798055555557,60,0.12277678833333334
18.720367431640625,Yalantis/Side-Menu.Android,Lisa,0.002045010527777778,60,0.12270063166666667
20.959983825683594,Yalantis/Side-Menu.Android,Topleet,0.0032915675,60,0.19749405
20.992332458496094,Yalantis/Side-Menu.Android,Topleet Index Based (Memorization Off),0.003126501611111111,60,0.18759009666666668
20.785873413085938,Yalantis/Side-Menu.Android,Topleet (Memorization Off),0.0025757431111111113,60,0.15454458666666668
8.756080627441406,Yalantis/Side-Menu.Android,Topleet Scala Collections (Memorization Off),0.0008857542777777778,60,0.05314525666666667
,Yalantis/Side-Menu.Android,Topleet 4x m5.xlarge,0.0009054261427777779,60,0.05432556856666667
,Yalantis/Side-Menu.Android,Topleet 7x m5.xlarge,0.0011264720072222223,60,0.06758832043333333
945.1171188354492,prestodb/presto,DJ-Rex Optimized,0.00031934784886243877,16126,5.149803410755688
8156.033416748047,prestodb/presto,DJ-Rex,0.0369897946501124,16126,596.4974285277126
7415.701721191406,prestodb/presto,Lisa,0.0009061215145050067,16126,14.612115542907738
1492.2744140625,prestodb/presto,Topleet,0.0003246919058818675,16126,5.235981674250995
1607.9262237548828,prestodb/presto,Topleet Index Based (Memorization Off),0.0007338386952223718,16126,11.833882799155967
1527.8740005493164,prestodb/presto,Topleet (Memorization Off),0.0004002035846872546,16126,6.453683006666667
339.26453399658203,prestodb/presto,Topleet Scala Collections (Memorization Off),0.0009496584036796536,16126,15.314191417738094
,prestodb/presto,Topleet 4x m5.xlarge,0.00043898677548905496,16126,7.0791007415365
,prestodb/presto,Topleet 7x m5.xlarge,0.0002580867178131375,16126,4.161906411454655
22.281753540039062,stleary/JSON-java,DJ-Rex Optimized,0.0007821972910662824,347,0.27142246
56.27928161621094,stleary/JSON-java,DJ-Rex,0.0017990140321057601,347,0.6242578691406988
95.30650329589844,stleary/JSON-java,Lisa,0.0010494810553963705,347,0.3641699262225406
70.01533508300781,stleary/JSON-java,Topleet,0.0008883980993314231,347,0.3082741404680038
51.270172119140625,stleary/JSON-java,Topleet Index Based (Memorization Off),0.001378285311614731,347,0.4782650031303116
35.76432800292969,stleary/JSON-java,Topleet (Memorization Off),0.000992426316042267,347,0.3443719316666667
15.715736389160156,stleary/JSON-java,Topleet Scala Collections (Memorization Off),0.0014045718885741265,347,0.4873864453352219
,stleary/JSON-java,Topleet 4x m5.xlarge,0.00028431042162417375,347,0.09865571630358828
,stleary/JSON-java,Topleet 7x m5.xlarge,0.0002327291575542965,347,0.08075701767134089
86.11273956298828,rest-assured/rest-assured,DJ-Rex Optimized,0.00012091774305555556,1867,0.22575342628472223
349.93607330322266,rest-assured/rest-assured,DJ-Rex,0.0016609554591295117,1867,3.1010038421947983
231.27460479736328,rest-assured/rest-assured,Lisa,0.0003837494720263533,1867,0.7164602642732016
132.1024169921875,rest-assured/rest-assured,Topleet,0.00020091969907407408,1867,0.3751170781712963
150.8940887451172,rest-assured/rest-assured,Topleet Index Based (Memorization Off),0.0002618827397381458,1867,0.4889350750911182
143.38446044921875,rest-assured/rest-assured,Topleet (Memorization Off),0.0001951807266559543,1867,0.3644024166666667
31.531898498535156,rest-assured/rest-assured,Topleet Scala Collections (Memorization Off),0.00020454513800424628,1867,0.3818857726539278
,rest-assured/rest-assured,Topleet 4x m5.xlarge,9.693953265215852e-05,1867,0.18098610746157995
,rest-assured/rest-assured,Topleet 7x m5.xlarge,7.715541265923567e-05,1867,0.144049155434793
16.005126953125,tobie/ua-parser,DJ-Rex Optimized,0.00012560836331569665,945,0.11869990333333334
71.5933837890625,tobie/ua-parser,DJ-Rex,0.0003676321216931217,945,0.347412355
21.543052673339844,tobie/ua-parser,Lisa,0.0001478310634744268,945,0.13970035498333333
34.63665771484375,tobie/ua-parser,Topleet,0.0002574727495590829,945,0.24331174833333333
36.43852996826172,tobie/ua-parser,Topleet Index Based (Memorization Off),0.0002693295202821869,945,0.25451639666666664
27.314056396484375,tobie/ua-parser,Topleet (Memorization Off),0.00022109557671957673,945,0.20893532
8.780059814453125,tobie/ua-parser,Topleet Scala Collections (Memorization Off),9.531921693121694e-05,945,0.09007666
,tobie/ua-parser,Topleet 4x m5.xlarge,0.00010127865514446793,945,0.0957083291115222
,tobie/ua-parser,Topleet 7x m5.xlarge,9.27849838794926e-05,945,0.08768180976612051
1394.4887161254883,bytedeco/javacpp-presets,DJ-Rex Optimized,0.0010822862076822917,1024,1.1082610766666667
4638.295753479004,bytedeco/javacpp-presets,DJ-Rex,0.015325412837186898,1024,15.693222745279384
9999.998565673828,bytedeco/javacpp-presets,Lisa,0.1856117917886179,1024,190.06647479154472
2019.7328643798828,bytedeco/javacpp-presets,Topleet,0.0013585755235772357,1024,1.3911813361430894
3331.621536254883,bytedeco/javacpp-presets,Topleet (Memorization Off),0.002529205958658854,1024,2.5899069016666667
,bytedeco/javacpp-presets,Topleet 4x m5.xlarge,0.0025608887447536787,1024,2.622350074627767
,bytedeco/javacpp-presets,Topleet 7x m5.xlarge,0.0019963568228448278,1024,2.0442693865931036
15.77435302734375,anjlab/android-inapp-billing-v3,DJ-Rex Optimized,0.000591753825136612,244,0.14438793333333333
12.712760925292969,anjlab/android-inapp-billing-v3,DJ-Rex,0.0007277635724043716,244,0.17757431166666668
35.34783935546875,anjlab/android-inapp-billing-v3,Lisa,0.0008250595355191256,244,0.20131452666666666
24.58612823486328,anjlab/android-inapp-billing-v3,Topleet,0.0009224291120218579,244,0.22507270333333335
23.405349731445312,anjlab/android-inapp-billing-v3,Topleet Index Based (Memorization Off),0.0009726647472677595,244,0.23733019833333333
21.515098571777344,anjlab/android-inapp-billing-v3,Topleet (Memorization Off),0.0008253328346994536,244,0.20138121166666667
8.814620971679688,anjlab/android-inapp-billing-v3,Topleet Scala Collections (Memorization Off),0.0004063337841530055,244,0.09914544333333333
,anjlab/android-inapp-billing-v3,Topleet 4x m5.xlarge,0.00027308142096994537,244,0.06663186671666667
,anjlab/android-inapp-billing-v3,Topleet 7x m5.xlarge,0.00025460655450819673,244,0.0621239993
724.4953536987305,apache/kylin,DJ-Rex Optimized,0.0009417819373417722,7899,7.439135523062658
2490.5260162353516,apache/kylin,DJ-Rex,0.009976496227417864,7899,78.8043437003737
3262.5966796875,apache/kylin,Lisa,0.0006899781921975059,7899,5.450137740168099
452.56876373291016,apache/kylin,Topleet,0.00020450962312615798,7899,1.6154215130735219
853.35498046875,apache/kylin,Topleet Index Based (Memorization Off),0.0006206964652060773,7899,4.902881378662805
791.4688262939453,apache/kylin,Topleet (Memorization Off),0.000348157144997257,7899,2.7500932883333333
207.62671661376953,apache/kylin,Topleet Scala Collections (Memorization Off),0.0008172278308777232,7899,6.455282636103136
,apache/kylin,Topleet 4x m5.xlarge,0.00025222629088066155,7899,1.9923354716663455
,apache/kylin,Topleet 7x m5.xlarge,0.00019176719454587425,7899,1.5147690697178606
95.53084564208984,Bukkit/Bukkit,DJ-Rex Optimized,0.00017133389220234152,1509,0.2585428433333333
347.90506744384766,Bukkit/Bukkit,DJ-Rex,0.0028160434824387012,1509,4.249409615
173.6400909423828,Bukkit/Bukkit,Lisa,0.00035922169980119286,1509,0.542065545
132.0416488647461,Bukkit/Bukkit,Topleet,0.0002505490059642147,1509,0.37807845
144.0721435546875,Bukkit/Bukkit,Topleet Index Based (Memorization Off),0.0003034996973713276,1509,0.4579810433333334
140.56515502929688,Bukkit/Bukkit,Topleet (Memorization Off),0.00021495039209189307,1509,0.32436014166666666
26.909347534179688,Bukkit/Bukkit,Topleet Scala Collections (Memorization Off),0.00022847814004859732,1509,0.34477351333333334
,Bukkit/Bukkit,Topleet 4x m5.xlarge,0.00010495176221559532,1509,0.15837220918333333
,Bukkit/Bukkit,Topleet 7x m5.xlarge,0.00010010511220455048,1509,0.15105861431666667
747.3625411987305,yacy/yacy_search_server,DJ-Rex Optimized,0.00043065890808312985,13922,5.995633318333334
2774.0002822875977,yacy/yacy_search_server,DJ-Rex,0.01719066734957774,13922,239.32847084082132
7565.905670166016,yacy/yacy_search_server,Lisa,0.0009051279727529569,13922,12.601191636666666
1201.761131286621,yacy/yacy_search_server,Topleet,0.0003846484550830819,13922,5.355075791666667
1310.4936981201172,yacy/yacy_search_server,Topleet Index Based (Memorization Off),0.0014034370176445273,13922,19.53865015964711
1102.3910903930664,yacy/yacy_search_server,Topleet (Memorization Off),0.0007298480030407508,13922,10.160943898333333
341.20166778564453,yacy/yacy_search_server,Topleet Scala Collections (Memorization Off),0.0018175792242945959,13922,25.304337960629365
,yacy/yacy_search_server,Topleet 4x m5.xlarge,0.00035086434282042086,13922,4.8847333807458995
,yacy/yacy_search_server,Topleet 7x m5.xlarge,0.0001977078979473017,13922,2.7524893552223344
1150.5854263305664,wildfly/wildfly,DJ-Rex Optimized,0.00020404347353291156,28287,5.771777735825469
,wildfly/wildfly,DJ-Rex,,28287,
9738.886581420898,wildfly/wildfly,Lisa,0.0006190799473046567,28287,17.511914469406825
2084.9434509277344,wildfly/wildfly,Topleet,0.00024392227194219247,28287,6.899829306428798
2604.922592163086,wildfly/wildfly,Topleet Index Based (Memorization Off),0.001093906222237767,28287,30.943325308439714
2355.303337097168,wildfly/wildfly,Topleet (Memorization Off),0.0006041669107128127,28287,17.090069403333334
1030.4236221313477,wildfly/wildfly,Topleet Scala Collections (Memorization Off),0.001408072932172308,28287,39.83015903235808
,wildfly/wildfly,Topleet 4x m5.xlarge,0.0012280883805805684,28287,34.73893602148254
,wildfly/wildfly,Topleet 7x m5.xlarge,0.0006920042989903055,28287,19.57472560553877
159.84911346435547,JetBrains/ideavim,DJ-Rex Optimized,0.00024972163547237075,2618,0.6537712416666666
802.9032211303711,JetBrains/ideavim,DJ-Rex,0.003965329324374767,2618,10.381232171213139
818.0488433837891,JetBrains/ideavim,Lisa,0.0005757784376590331,2618,1.5073879497913487
213.61181640625,JetBrains/ideavim,Topleet,0.00025085381933842235,2618,0.6567352990279897
417.72852325439453,JetBrains/ideavim,Topleet Index Based (Memorization Off),0.0007100825724503638,2618,1.8589961746750525
322.6316604614258,JetBrains/ideavim,Topleet (Memorization Off),0.0004115366284695696,2618,1.0774028933333333
89.76444244384766,JetBrains/ideavim,Topleet Scala Collections (Memorization Off),0.000899898657235046,2618,2.3559346846413503
,JetBrains/ideavim,Topleet 4x m5.xlarge,0.00016677097199056839,2618,0.436606404671308
,JetBrains/ideavim,Topleet 7x m5.xlarge,0.00011303777759451446,2618,0.29593290174243886
236.02963256835938,micrometer-metrics/micrometer,DJ-Rex Optimized,0.00042588406720430106,1851,0.7883114083951612
696.878662109375,micrometer-metrics/micrometer,DJ-Rex,0.0024374401932743977,1851,4.51170179775091
357.542724609375,micrometer-metrics/micrometer,Lisa,0.00045384968134622275,1851,0.8400757601718584
215.86431884765625,micrometer-metrics/micrometer,Topleet,0.00025887166308628714,1851,0.4791714483727175
449.59716796875,micrometer-metrics/micrometer,Topleet Index Based (Memorization Off),0.0008645690771208226,1851,1.6003173617506425
392.38072967529297,micrometer-metrics/micrometer,Topleet (Memorization Off),0.0004945673095623987,1851,0.91544409
129.42892456054688,micrometer-metrics/micrometer,Topleet Scala Collections (Memorization Off),0.001064420527821113,1851,1.97024239699688
,micrometer-metrics/micrometer,Topleet 4x m5.xlarge,0.00019170712708441672,1851,0.35484989223325536
,micrometer-metrics/micrometer,Topleet 7x m5.xlarge,0.00013200816479662185,1851,0.24434711303854706
