id,address,owner_id,name,description,language,created_at,forked_from,deleted,updated_at,repo_id,nwatchers,project_id1,ndevelopers,project_id2,ncommits
29695887,eclipse/eclipse-collections,16450,eclipse-collections,The Eclipse Collections Project,Java,2015-11-24 16:22:48,,0,2019-05-31 14:16:14,29695887,1074,29695887,27,29695887,513
21117335,linkedin/pinot,8853,pinot,A realtime distributed OLAP datastore,Java,2014-05-19 21:27:48,,1,2019-05-20 23:32:12,21117335,2088,21117335,94,21117335,12813
2728465,linkedin/rest.li,8853,rest.li,"Rest.li is a REST+JSON framework for building robust, scalable service architectures using dynamic discovery and simple asynchronous APIs.",Java,2012-11-30 19:37:51,,0,2019-05-30 18:28:27,2728465,1602,2728465,111,2728465,1490
34190,eishay/jvm-serializers,99211,jvm-serializers,Benchmark comparing serialization libraries on the JVM ,Java,2010-04-25 03:12:00,,0,2019-05-31 06:13:00,34190,2526,34190,31,34190,398
3142597,nhaarman/ListViewAnimations,1742057,ListViewAnimations,An Android library which allows developers to easily add animations to ListView items,Java,2013-03-19 11:59:23,,0,2019-05-29 03:56:38,3142597,4759,3142597,11,3142597,903
35704,tinkerpop/blueprints,88409,blueprints,A Property Graph Model Interface,Java,2010-02-08 22:17:49,,0,2019-05-14 21:30:47,35704,1352,35704,39,35704,1455
26275233,tbruyelle/RxPermissions,113355,RxPermissions,Android runtime permissions powered by RxJava,Java,2015-09-29 13:55:09,,0,2019-05-31 02:44:45,26275233,8722,26275233,16,26275233,218
1528515,Netflix/Hystrix,1600,Hystrix,"Hystrix is a latency and fault tolerance library designed to isolate points of access to remote systems, services and 3rd party libraries, stop cascading failure and enable resilience in complex distributed systems where failure is inevitable.",Java,2012-11-19 20:14:46,,0,2019-05-31 02:47:31,1528515,17889,1528515,37,1528515,1159
57171164,kdn251/Interviews,12238356,Interviews,Variety of solutions to common interview questions,Java,2017-02-14 18:19:25,,0,2019-05-31 20:00:59,57171164,36099,57171164,12,57171164,206
15785865,citerus/dddsample-core,551635,dddsample-core,This is the new home of the original DDD Sample app (previously hosted at sf.net).. ,Java,2015-01-31 23:21:37,,0,2019-05-31 02:45:57,15785865,2070,15785865,11,15785865,191
177326,libgdx/libgdx,272899,libgdx,Desktop/Android/HTML5/iOS Java game development framework,Java,2012-08-10 19:34:38,,0,2019-05-31 15:28:57,177326,13929,177326,298,177326,6641
5404409,openhab/openhab,2571419,openhab,Source code of the open Home Automation Bus (openHAB),Java,2013-09-20 20:28:43,,0,2019-04-10 13:03:58,5404409,3315,5404409,300,5404409,6857
12187659,google/physical-web,95143,physical-web,The Physical Web: walk up and use anything,Java,2014-09-30 18:32:14,,0,2019-05-31 04:34:43,12187659,6104,12187659,37,12187659,869
3414374,gwtproject/gwt,1865820,gwt,GWT Open Source Project,Java,2013-04-18 03:12:03,,0,2019-05-29 13:32:19,3414374,1171,3414374,80,3414374,1181
8941324,google/iosched,95143,iosched,The Google I/O 2015 Android App,Java,2014-04-01 22:40:40,,0,2019-05-31 13:30:30,8941324,19179,8941324,25,8941324,169
28178404,nickbutcher/plaid,1081322,plaid,"",Java,2015-10-30 16:10:56,,0,2019-05-20 09:27:56,28178404,13478,28178404,27,28178404,2787
23043,Netflix/astyanax,1600,astyanax,Cassandra Java Client,Java,2011-07-13 20:24:30,,0,2019-05-23 02:03:44,23043,1081,23043,40,23043,475
163698,qos-ch/slf4j,120831,slf4j,Simple Logging Facade for Java,Java,2009-08-20 16:25:49,,0,2019-05-30 10:26:05,163698,1233,163698,34,163698,531
11821,androidannotations/androidannotations,43971,androidannotations,Fast Android Development. Easy maintainance.,Java,2012-01-06 08:48:03,,0,2016-10-11 15:50:40,11821,7916,11821,45,11821,1577
8804952,SonarSource/sonarqube,36234,sonarqube,Put your technical debt under control,Java,2011-01-05 11:05:17,,0,2019-05-31 07:52:36,8804952,3452,8804952,98,8804952,56356
8765,square/otto,8274,otto,An enhanced Guava-based event bus with emphasis on Android support.,Java,2012-06-27 19:06:49,,0,2019-05-30 03:43:44,8765,4615,8765,22,8765,204
1842,MinecraftForge/MinecraftForge,9635,MinecraftForge,Modifications to the Minecraft base files to assist in compatibility between mods.,Java,2012-01-30 01:35:01,,0,2019-05-31 21:24:11,1842,3481,1842,327,1842,5182
10394578,spring-projects/spring-session,2395257,spring-session,Spring Session,Java,2014-06-20 21:16:58,,0,2019-05-31 03:28:50,10394578,1434,10394578,56,10394578,1172
11223846,ehcache/ehcache3,3477566,ehcache3,Ehcache 3.x line ,Java,2014-02-26 20:39:16,,0,2019-05-31 14:27:26,11223846,1373,11223846,54,11223846,3336
17991525,facebook/react-native,2156,react-native,A framework for building native apps with React.,Java,2015-01-09 18:10:16,,0,2019-05-31 09:35:37,17991525,81817,17991525,2707,17991525,25965
857627,square/dagger,8274,dagger,A fast dependency injector for Android and Java.,Java,2012-08-02 23:25:32,,0,2019-05-31 23:56:28,857627,7506,857627,32,857627,647
62626319,zhihu/Matisse,998154,Matisse,:fireworks: A well-designed local image selector for Android,Java,2017-04-13 01:31:05,,0,2019-05-31 10:44:37,62626319,9743,62626319,30,62626319,160
64791,functionaljava/functionaljava,154298,functionaljava,Functional programming in Java,Java,2010-10-29 00:19:26,,0,2019-05-31 07:24:01,64791,1151,64791,31,64791,757
13593381,abel533/Mapper,1426647,Mapper,Mybatis Common Mapper - Easy to use,Java,2014-11-21 11:02:10,,0,2019-05-31 04:16:26,13593381,4026,13593381,20,13593381,697
14807988,apache/flink,13369,flink,Mirror of Apache Flink,Java,2014-06-07 07:00:10,,0,2019-05-31 14:39:26,14807988,8914,14807988,653,14807988,19275
6557843,SecUpwN/Android-IMSI-Catcher-Detector,2967122,Android-IMSI-Catcher-Detector,"AIMSICD • Fight IMSI-Catcher, StingRay and silent SMS!",Java,2013-11-23 10:04:14,,0,2016-03-03 15:42:22,6557843,1860,6557843,66,6557843,2467
90652,tomakehurst/wiremock,30426,wiremock,A tool for mocking HTTP services,Java,2011-10-09 20:27:24,,0,2019-05-31 13:18:21,90652,3171,90652,46,90652,1332
252,rstudio/rstudio,1904,rstudio,RStudio is an integrated development environment (IDE) for R,Java,2010-12-07 19:10:25,,0,2019-05-31 05:56:38,252,2731,252,33,252,23135
4788,unclebob/fitnesse,22234,fitnesse,FitNesse -- The Acceptance Test Wiki,Java,2008-12-06 19:38:59,,0,2019-05-29 23:55:58,4788,1408,4788,44,4788,2026
2652725,mybatis/spring,1555364,spring,Spring integration for MyBatis 3,Java,2013-02-17 07:01:55,,0,2019-05-30 17:08:24,2652725,1886,2652725,14,2652725,473
63996,internetarchive/heritrix3,153028,heritrix3,"Heritrix is the Internet Archive's open-source, extensible, web-scale, archival-quality web crawler project.  ",Java,2011-10-21 22:00:17,,0,2019-05-30 20:51:47,63996,1571,63996,31,63996,723
36495039,google/flexbox-layout,95143,flexbox-layout,Flexbox for Android ,Java,2016-05-04 08:11:22,,0,2019-05-31 16:53:02,36495039,14344,36495039,17,36495039,1375
37563783,twitter/heron,5092,heron,"Heron is a realtime, distributed, fault-tolerant stream processing engine from Twitter",Java,2015-09-25 16:09:24,,0,1970-01-02 00:00:00,37563783,3273,37563783,99,37563783,3889
7747254,igniterealtime/Smack,3324337,Smack,A highly modular and portable open source XMPP client library written in Java for JVMs and Android,Java,2014-02-03 11:36:51,,0,2019-05-31 20:15:13,7747254,2052,7747254,46,7747254,1051
32310,rzwitserloot/lombok,95747,lombok,Very spicy additions to the Java programming language.,Java,2009-06-08 19:46:41,,0,2019-05-31 02:22:55,32310,7878,32310,55,32310,1294
104657986,alibaba/Sentinel,56281,Sentinel,高可用防护的流量管理框架,Java,2018-04-04 06:37:33,,0,2019-05-31 16:03:49,104657986,6998,104657986,64,104657986,1038
11486396,ReactiveX/RxNetty,3352260,RxNetty,Reactive Extension (Rx) Adaptor for Netty,Java,2013-11-14 16:52:06,,0,2019-05-31 06:22:24,11486396,1284,11486396,17,11486396,250
8304,apache/cassandra,13369,cassandra,Mirror of Apache Cassandra,Java,2009-05-21 02:10:09,,0,2019-05-31 02:07:30,8304,5184,8304,361,8304,15822
151229,medcl/elasticsearch-analysis-ik,113603,elasticsearch-analysis-ik,"The IK Analysis plugin integrates Lucene IK analyzer into elasticsearch, support customized dictionary.",Java,2011-12-16 09:01:45,,0,2019-05-31 03:52:02,151229,7075,151229,28,151229,202
59519048,alibaba/atlas,56281,atlas,A powerful Android Dynamic Component Framework.,Java,2017-02-28 06:31:43,,0,2019-05-31 01:53:22,59519048,7414,59519048,20,59519048,1963
58687590,Deletescape-Media/Lawnchair,31418460,Lawnchair,The slim Launcher3 based innovative launcher,Java,2017-03-03 13:12:58,,0,2019-03-10 09:22:03,58687590,1720,58687590,25,58687590,2374
23371,Netflix/archaius,1600,archaius,Library for configuration management API,Java,2012-05-11 00:07:05,,0,2019-05-30 04:28:39,23371,1847,23371,33,23371,474
16750977,reactive-streams/reactive-streams-jvm,3756756,reactive-streams-jvm,Reactive Streams Specification for the JVM,Java,2014-02-28 13:16:15,,0,2019-05-31 08:00:37,16750977,2616,16750977,12,16750977,281
87806,apache/zookeeper,13369,zookeeper,Mirror of Apache Hadoop ZooKeeper,Java,2009-03-27 15:41:56,,0,2019-05-31 04:36:42,87806,6283,87806,153,87806,3452
21174695,pilgr/Paper,451190,paper,Fast and simple data storage library for Android,Java,2015-06-11 20:55:15,,0,2019-05-30 23:48:43,21174695,1845,21174695,13,21174695,210
35176,searchbox-io/Jest,101478,Jest,Elasticsearch Java Rest Client.,Java,2012-05-21 13:37:50,,0,2019-05-31 06:27:37,35176,1676,35176,44,35176,904
40881084,Microsoft/malmo,3886902,malmo,Project Malmo is a platform for Artificial Intelligence experimentation and research built on top of Minecraft. We aim to inspire a new generation of research into challenging new problems presented by this unique environment.,Java,2016-05-17 14:58:40,,0,2019-05-31 06:36:40,40881084,3516,40881084,13,40881084,1264
7148,Netflix/curator,1600,curator,ZooKeeper client wrapper and rich ZooKeeper framework,Java,2011-07-14 19:47:55,,0,2019-05-31 14:12:29,7148,2158,7148,13,7148,372
4850394,languagetool-org/languagetool,2387965,languagetool,Style and Grammar Checker for 25+ Languages,Java,2013-08-08 16:37:22,,0,2019-05-31 10:57:19,4850394,2850,4850394,83,4850394,20639
8719321,stephanenicolas/robospice,545511,robospice,"Repo of the Open Source Android library : RoboSpice. RoboSpice is a modular android library that makes writing asynchronous long running tasks easy. It is specialized in network requests, supports caching and offers REST requests out-of-the box using exte",Java,2012-09-19 14:09:37,,0,2019-05-24 09:48:51,8719321,1955,8719321,12,8719321,271
26538226,googlesamples/android-play-billing,4438683,android-play-billing,Samples for Google Play In-app Billing,Java,2015-08-29 01:19:34,,0,2019-05-31 17:39:10,26538226,1085,26538226,15,26538226,68
31249556,debezium/debezium,11272468,debezium,Change data capture for a variety of databases,Java,2016-01-22 20:17:05,,0,2019-05-31 10:44:53,31249556,1748,31249556,126,31249556,2233
75275,apache/shiro,13369,shiro,Mirror of Apache Shiro,Java,2009-08-29 08:00:17,,0,2019-05-31 04:48:24,75275,2521,75275,34,75275,1066
13874,apache/avro,13369,avro,Mirror of Apache Avro,Java,2009-05-21 02:48:37,,0,2019-05-31 15:17:37,13874,1107,13874,146,13874,1910
41758019,wireapp/wire-android,11254201,wire-android,Wire Android UI,Java,2016-01-21 08:50:07,,0,2019-05-30 14:40:48,41758019,2410,41758019,35,41758019,10597
109998635,eclipse-vertx/vert.x,46099196,vert.x,Vert.x is a tool-kit for building reactive applications on the JVM,Java,2011-06-17 14:54:55,,0,2019-05-30 23:21:14,109998635,1442,109998635,24,109998635,473
56297242,orgzly/orgzly-android,32600025,orgzly-android,Orgzly app for Android,Java,2017-02-03 14:48:34,,0,2019-05-31 14:54:18,56297242,1218,56297242,11,56297242,1534
33839743,junit-team/junit4,466956,junit4,A programmer-oriented testing framework for Java.,Java,2009-01-13 03:41:26,,0,2019-05-31 15:22:10,33839743,3537,33839743,46,33839743,226
2398573,wordpress-mobile/WordPress-Android,495047,WordPress-Android,"",Java,2012-09-03 17:10:02,,1,2019-05-31 06:47:54,2398573,2061,2398573,91,2398573,40123
8016,loopj/android-async-http,11703,android-async-http,An Asynchronous HTTP Library for Android,Java,2011-02-20 03:25:07,,0,2019-05-18 03:45:48,8016,11588,8016,17,8016,576
1957,Bukkit/CraftBukkit,9938,CraftBukkit,The Minecraft Server Mod API Implementation,Java,2011-01-02 23:10:05,,1,1970-01-01 01:00:01,1957,2373,1957,266,1957,2189
7000759,shopizer-ecommerce/shopizer,3106072,shopizer,Shopizer java e-commerce software,Java,2012-11-21 03:42:39,,0,2019-05-31 04:17:24,7000759,1388,7000759,11,7000759,618
32023,sparklemotion/nokogiri,95394,nokogiri,"Nokogiri (鋸) is an HTML, XML, SAX, and Reader parser with XPath and CSS selector support.",Java,2008-07-14 15:34:32,,0,2019-05-31 05:37:56,32023,5597,32023,104,32023,3523
74125,Sable/soot,229285,soot,Soot - A Java optimization framework,Java,2012-06-20 12:41:19,,0,2019-05-30 05:16:20,74125,1213,74125,53,74125,2303
27978178,termux/termux-app,7647045,termux-app,Android terminal emulator and Linux environment - app repository.,Java,2015-10-23 09:42:46,,0,2019-05-31 10:45:45,27978178,4043,27978178,25,27978178,546
18419,jberkel/sms-backup-plus,20501,sms-backup-plus,"Backup Android SMS, MMS and call log to Gmail / Gcal / IMAP",Java,2010-01-05 13:49:00,,0,2019-05-31 01:09:21,18419,1131,18419,18,18419,949
67778998,apache/pulsar,13369,pulsar,Pulsar - distributed pub-sub messaging system,Java,2016-06-28 07:00:03,,0,2019-05-31 15:40:09,67778998,1656,67778998,101,67778998,1961
52001716,powermock/powermock,12909137,powermock,PowerMock is a Java framework that allows you to unit test code normally regarded as untestable.,Java,2014-05-28 07:53:53,,0,2019-05-31 09:27:49,52001716,1747,52001716,23,52001716,430
19246,cloudfoundry/uaa,36348,uaa,CloudFoundry User Account and Authentication (UAA) Server,Java,2012-02-07 22:40:55,,0,2019-05-31 21:22:30,19246,1045,19246,160,19246,11574
51676962,westnordost/StreetComplete,2099726,StreetComplete,Surveyor app for Android,Java,2016-07-02 10:44:04,,0,2019-05-31 04:17:45,51676962,1160,51676962,21,51676962,1557
20773058,scouter-project/scouter,8329424,scouter,Scouter is an opensource APM (Application performance management) for opensource softwares.,Java,2015-06-04 01:19:31,,0,2019-05-31 11:32:52,20773058,1453,20773058,27,20773058,2453
43721,eclipse/paho.mqtt.java,16450,paho.mqtt.java,paho.mqtt.java,Java,2015-12-16 19:13:48,,0,2019-05-31 04:23:57,43721,1099,43721,38,43721,651
76442,groovy/groovy-core,30423,groovy-core,"former home of the groovy programming language, moved to https://github.com/apache/groovy",Java,2011-09-19 07:41:42,,0,2019-05-27 10:13:59,76442,1737,76442,136,76442,12071
13577170,syncthing/syncthing-android,4286012,syncthing-android,Wrapper of syncthing for Android.,Java,2014-02-22 17:15:19,,0,2019-05-31 04:00:39,13577170,1213,13577170,34,13577170,1549
14292770,googlesamples/android-testing,4438683,android-testing,A collection of samples demonstrating different frameworks and techniques for automated testing,Java,2014-10-11 03:51:27,,0,2019-05-30 19:07:28,14292770,6684,14292770,20,14292770,224
9473689,querydsl/querydsl,3860056,querydsl,Unified Queries for Java,Java,2011-08-05 06:46:32,,0,2019-05-31 06:54:07,9473689,2113,9473689,37,9473689,3445
16477419,facebook/stetho,2156,stetho,"Stetho is a debug bridge for Android applications, enabling the powerful Chrome Developer Tools and much more.",Java,2015-01-22 22:34:10,,0,2019-05-31 04:04:43,16477419,11460,16477419,29,16477419,537
7933,facebook/facebook-android-sdk,2156,facebook-android-sdk,Used to integrate Android apps with Facebook Platform.,Java,2010-05-10 17:17:33,,0,2019-05-31 15:20:57,7933,4748,7933,82,7933,974
516195,koush/AndroidAsync,8237,AndroidAsync,"Asynchronous socket, http (client+server), websocket, and socket.io library for android. Based on nio, not threads.",Java,2012-08-24 07:27:04,,0,2019-05-31 06:36:47,516195,5474,516195,16,516195,834
45805974,web3j/web3j,31020538,web3j,Lightweight Java library for integration with Ethereum clients,Java,2016-09-04 05:48:49,,0,2019-05-31 02:29:41,45805974,2495,45805974,27,45805974,1059
33417001,ctripcorp/apollo,6817969,apollo,Ctrip Configuration Center,Java,2016-03-04 10:24:23,,0,2019-05-31 01:54:32,33417001,14608,33417001,35,33417001,2596
91860613,apache/incubator-dubbo-ops,13369,incubator-dubbo-ops,The ops and reference implementation for dubbo,Java,2018-01-11 05:30:17,,0,2019-05-08 03:45:16,91860613,1163,91860613,25,91860613,399
15082681,Yalantis/Side-Menu.Android,215522,Side-Menu.Android,Side menu with some categories to choose.,Java,2015-01-13 11:11:27,,0,2019-05-30 10:19:55,15082681,5212,15082681,11,15082681,62
33685085,prestodb/presto,3912987,presto,Distributed SQL query engine for running interactive analytic queries against big data sources.,Java,2012-08-09 01:03:37,,0,2019-05-31 04:20:12,33685085,4976,33685085,321,33685085,14543
49257,stleary/JSON-java,1736,JSON-java,A reference implementation of a JSON package in Java.,Java,2010-12-21 17:46:09,,0,2018-10-31 09:40:44,49257,1058,49257,17,49257,92
17318,rest-assured/rest-assured,19439,rest-assured,Java DSL for easy testing of REST services,Java,2010-10-21 08:35:43,,0,2016-10-11 20:33:28,17318,1037,17318,13,17318,971
3208,tobie/ua-parser,14428,ua-parser,A multi-language port of Browserscope's user agent parser.,Java,2010-09-15 14:09:21,,0,2019-05-21 16:55:01,3208,1401,3208,39,3208,541
9373127,bytedeco/javacpp-presets,3749466,javacpp-presets,The missing bridge between Java and native C++ libraries,Java,2014-04-21 13:19:55,,0,2019-05-31 16:33:43,9373127,1274,9373127,47,9373127,1159
5683380,anjlab/android-inapp-billing-v3,100985,android-inapp-billing-v3,A lightweight implementation of Android In-app Billing Version 3,Java,2013-09-10 10:04:16,,0,2019-05-31 13:52:54,5683380,1768,5683380,19,5683380,203
29170758,apache/kylin,13369,kylin,Mirror of Apache Kylin,Java,2015-01-03 08:00:05,,0,2019-05-31 09:51:45,29170758,2085,29170758,188,29170758,7472
5378,Bukkit/Bukkit,9938,Bukkit,The Minecraft Mod API,Java,2011-01-02 23:47:25,,0,2019-05-28 12:12:36,5378,2472,5378,179,5378,656
17805107,yacy/yacy_search_server,903708,yacy_search_server,This is the YaCy Search Engine application and the main git repository for http://yacy.net,Java,2015-03-22 12:54:20,,0,2019-05-31 04:47:39,17805107,1795,17805107,16,17805107,1807
3281281,wildfly/wildfly,1823296,wildfly,WildFly Application Server,Java,2010-07-08 20:46:07,,0,2019-05-31 22:17:21,3281281,2524,3281281,250,3281281,13262
40412,JetBrains/ideavim,26731,ideavim,Vim emulation plug-in for IDEs based on the IntelliJ platform.,Java,2011-03-09 15:22:27,,0,2019-05-31 09:24:26,40412,3713,40412,31,40412,1322
70120544,micrometer-metrics/micrometer,37150707,micrometer,An application metrics facade for the most popular monitoring tools.,Java,2017-04-10 21:36:51,,0,2019-05-31 20:27:00,70120544,1571,70120544,109,70120544,1675
